x/c,z/c,Cf
0.0007384010068409796,-0.004135013551493918,0.0043650680757151795
0.0007384010068409796,0.004135013551493918,0.005907721657965029
0.0029552452969733704,-0.009418951617720548,0.002920122639951363
0.0029552452969733704,0.009418951617720548,0.006337520985127905
0.004829370286080921,-0.011980089983232748,0.0022236519568869344
0.004829370286080921,0.011980089983232748,0.006302357824617904
0.006893781531302562,-0.014241058695363868,0.0016390999353468668
0.006893781531302562,0.014241058695363868,0.006144232030790245
0.008987119085763655,-0.016175937096467606,0.0011920704154080703
0.008987119085763655,0.016175937096467606,0.0059317165258446405
0.011091910815363358,-0.01788795623179252,0.0008084899157540169
0.011091910815363358,0.01788795623179252,0.005682158769050379
0.013097419835398787,-0.019352952390128065,0.0005091813568739151
0.013097419835398787,0.019352952390128065,0.0054211835855853
0.0152297855560648,-0.02077701680368221,0.00023069059676110494
0.0152297855560648,0.02077701680368221,0.005113554624275303
0.017225698189569483,-0.02201092500908996,3.7898388301082384e-05
0.017225698189569483,0.02201092500908996,0.004783662637489538
0.01891965766598278,-0.02299322737694101,0.00011171822403895563
0.01891965766598278,0.02299322737694101,0.0045069938280773575
0.0210926279158057,-0.024179069844912065,0.00032353303098411635
0.0210926279158057,0.024179069844912065,0.004071222000755964
0.022987461648881435,-0.025158817879855633,0.00046112283705740837
0.022987461648881435,0.025158817879855633,0.003705240233837708
0.02496611021030106,-0.02612571811400837,0.000582294953039428
0.02496611021030106,0.02612571811400837,0.00343556493467246
0.026992930099368095,-0.027073926292359825,0.0006957094275520612
0.026992930099368095,0.027073926292359825,0.003118298785059847
0.028785793642352623,-0.0278731081537661,0.0007882120950101272
0.028785793642352623,0.0278731081537661,0.0026353620477676185
0.03086369660829408,-0.028762803904574447,0.0008741140319845154
0.03086369660829408,0.028762803904574447,0.0020317773206032174
0.03274715319275856,-0.029538274742662907,0.0009536491724614934
0.03274715319275856,0.029538274742662907,0.001499447980071501
0.034692878110345805,-0.03030729959896441,0.001026600798934492
0.034692878110345805,0.03030729959896441,0.0011005223520128308
0.03694447561109403,-0.031164409710730208,0.0010945818907980894
0.03694447561109403,0.031164409710730208,0.0007950715606372073
0.03898260369896889,-0.03191220201551914,0.0011580437035327569
0.03898260369896889,0.03191220201551914,0.0005631981434639501
0.040618302300572395,-0.03249272517859936,0.0012022436545216229
0.040618302300572395,0.03249272517859936,0.00045697088577544313
0.04276122417039962,-0.03322873374944968,0.0012577193453750671
0.04276122417039962,0.03322873374944968,0.0003591788059400081
0.044850980678038124,-0.03392405584774157,0.0013030812277687169
0.044850980678038124,0.03392405584774157,0.0005132928014864695
0.046991657224058035,-0.034612410328777626,0.001345435504564312
0.046991657224058035,0.034612410328777626,0.00079507422904446
0.049272313714027405,-0.03532339073717594,0.001390639976265756
0.049272313714027405,0.03532339073717594,0.0011521462190016518
0.051100585609674454,-0.03587573394179344,0.0014224702443849926
0.051100585609674454,0.03587573394179344,0.0013933356304361424
0.05296221002936363,-0.036423636600375175,0.0014521260417263543
0.05296221002936363,0.036423636600375175,0.0016019245871976592
0.05485759489238263,-0.03696712106466293,0.0014802578809694244
0.05485759489238263,0.03696712106466293,0.0018056022551798327
0.05678713694214821,-0.03750626556575298,0.0015065542543633752
0.05678713694214821,0.03750626556575298,0.001989527272063466
0.058751270174980164,-0.03804108873009681,0.0015311458503924032
0.058751270174980164,0.03804108873009681,0.002148854241551775
0.06075043603777886,-0.038571609184145934,0.0015541890263613143
0.06075043603777886,0.038571609184145934,0.002286221333649196
0.06278508342802526,-0.03909785486757755,0.0015758450864510009
0.06278508342802526,0.03909785486757755,0.002406048013249045
0.0648556798696518,-0.039619822055101395,0.0015965609559227764
0.0648556798696518,0.039619822055101395,0.0025119380295058093
0.06696270406246185,-0.04013749025762082,0.0016160777452454858
0.06696270406246185,0.04013749025762082,0.0026066508690395047
0.06910663470625877,-0.04065093398094177,0.0016337167789396351
0.06910663470625877,0.04065093398094177,0.0026928801983435837
0.07128798216581346,-0.0411601010710001,0.0016508656709396368
0.07128798216581346,0.0411601010710001,0.0027707926928543514
0.07350726053118704,-0.0416649468243122,0.0016665421336399342
0.07350726053118704,0.0416649468243122,0.0028431853290283777
0.07538547615210216,-0.042082431415716805,0.0016823090815049637
0.07538547615210216,0.042082431415716805,0.002908872338587472
0.07691618568885943,-0.042415287262505076,0.0016971547808095635
0.07691618568885943,0.042415287262505076,0.0029405676286090544
0.07844777901967366,-0.04274405290683111,0.001711765642085743
0.07844777901967366,0.04274405290683111,0.002971761543837428
0.08039799332618713,-0.043153516948223114,0.0018023325754965038
0.08039799332618713,0.043153516948223114,0.00303114020846949
0.08277437835931778,-0.04364086873829365,0.001888564948360982
0.08277437835931778,0.04364086873829365,0.003085384678459488
0.08519143983721733,-0.04412377066910267,0.0019483769815415173
0.08519143983721733,0.04412377066910267,0.003134030430341543
0.08723657826582591,-0.044522798309723534,0.002001666244321339
0.08723657826582591,0.044522798309723534,0.003178598644356493
0.08890298721908989,-0.044840681660629704,0.0020203031091583167
0.08890298721908989,0.044840681660629704,0.003198997157828533
0.09057016173998515,-0.04515452558795611,0.002038645154888002
0.09057016173998515,0.04515452558795611,0.0032190729844331985
0.09269260987639427,-0.045545078814029694,0.002067238520587201
0.09269260987639427,0.045545078814029694,0.0032553066374670157
0.09527835994958878,-0.04600950703024864,0.0020910530990754794
0.09527835994958878,0.04600950703024864,0.0032874022704158174
0.09746592243512471,-0.0463929275671641,0.002112153129127978
0.09746592243512471,0.0463929275671641,0.0033155385601630677
0.09834975997606914,-0.04654530187447866,0.002112153129127978
0.09834975997606914,0.04654530187447866,0.0033155385601630677
0.10058169439435005,-0.046923818066716194,0.002131218939055847
0.10058169439435005,0.046923818066716194,0.0033393261578921803
0.10330057144165039,-0.04737360216677189,0.002148489160969407
0.10330057144165039,0.04737360216677189,0.0033603195453039887
0.10560054828723271,-0.04774462183316549,0.002164278268882793
0.10560054828723271,0.04774462183316549,0.0033787811441400336
0.10652974496285121,-0.04789199928442637,0.002164278268882793
0.10652974496285121,0.04789199928442637,0.0033787811441400336
0.1088760942220688,-0.0482578817754984,0.002178485351384058
0.1088760942220688,0.0482578817754984,0.0033938761870198814
0.11125383526086807,-0.04862020288904508,0.0021910254218798107
0.11125383526086807,0.04862020288904508,0.0034061372894010383
0.11221442371606828,-0.04876401896278063,0.0021910254218798107
0.11221442371606828,0.04876401896278063,0.0034061372894010383
0.11463994905352592,-0.04912091232836247,0.002202376586194733
0.11463994905352592,0.04912091232836247,0.003415414037877527
0.1170977974931399,-0.04947419837117195,0.002213063003079671
0.1170977974931399,0.04947419837117195,0.00342271399547507
0.11809070905049641,-0.04961440712213516,0.002213063003079671
0.11809070905049641,0.04961440712213516,0.00342271399547507
0.12059778347611426,-0.049962127581238754,0.0022226673703264516
0.12059778347611426,0.049962127581238754,0.003428079870491095
0.12313817938168843,-0.0503059799472491,0.0022302616163014885
0.12313817938168843,0.0503059799472491,0.0034313038196466224
0.12416441241900125,-0.05044232060511907,0.0022302616163014885
0.12416441241900125,0.05044232060511907,0.0034313038196466224
0.12675554305315018,-0.050780255347490304,0.0022371959207859956
0.12675554305315018,0.050780255347490304,0.0034327648281358854
0.129381000995636,-0.051114206512769066,0.00224342344321485
0.129381000995636,0.051114206512769066,0.0034331021389201423
0.1304415613412857,-0.05124656359354655,0.00224342344321485
0.1304415613412857,0.05124656359354655,0.0034331021389201423
0.13311930000782013,-0.051574384793639176,0.0022481403540629925
0.13311930000782013,0.051574384793639176,0.003431140078995939
0.1363804042339325,-0.05196206457912921,0.0022526665218480612
0.1363804042339325,0.05196206457912921,0.00342811548775006
0.13913838068644205,-0.052280252178510025,0.002256998348309037
0.13913838068644205,0.052280252178510025,0.003423197870162278
0.14025243123372397,-0.05240622411171594,0.002256998348309037
0.14025243123372397,0.05240622411171594,0.003423197870162278
0.14306511729955673,-0.05271779932081699,0.002259814608474859
0.14306511729955673,0.05271779932081699,0.0034162497097419355
0.14649037271738052,-0.053085621446371085,0.002262291124056075
0.14649037271738052,0.053085621446371085,0.00340754769799056
0.14938701689243317,-0.05338695645332337,0.002264320514067521
0.14938701689243317,0.05338695645332337,0.003397291279184412
0.1505570411682129,-0.053506072610616684,0.002264320514067521
0.1505570411682129,0.053506072610616684,0.003397291279184412
0.1529163271188736,-0.05374185120066007,0.002265309566037522
0.1529163271188736,0.05374185120066007,0.003384740430898181
0.15410558879375458,-0.053858513633410134,0.002265309566037522
0.15410558879375458,0.053858513633410134,0.003384740430898181
0.15710803121328354,-0.054146554321050644,0.0022653515703365016
0.15710803121328354,0.054146554321050644,0.0033712054473598783
0.16076414287090302,-0.054485457018017776,0.002265370547037849
0.16076414287090302,0.054485457018017776,0.0033569791117589423
0.16448020935058594,-0.05481662787497044,0.0022646394011857232
0.16448020935058594,0.05481662787497044,0.003340650149031171
0.1676225413878759,-0.05508673811952273,0.002263303550201108
0.1676225413878759,0.05508673811952273,0.0033237400663496987
0.16889173785845435,-0.05519320194919904,0.002263303550201108
0.16889173785845435,0.05519320194919904,0.0033237400663496987
0.1714508980512619,-0.055403356750806175,0.0022617060738387294
0.1714508980512619,0.055403356750806175,0.0033050524006779883
0.1727408617734909,-0.05550704772273699,0.0022617060738387294
0.1727408617734909,0.05550704772273699,0.0033050524006779883
0.17534186939398447,-0.055711617072423295,0.002259245801246076
0.17534186939398447,0.055711617072423295,0.003285531993319103
0.17665291329224905,-0.05581249545017878,0.002259245801246076
0.17665291329224905,0.05581249545017878,0.003285531993319103
0.17929640909036001,-0.056011381248633065,0.0022564960753474967
0.17929640909036001,0.056011381248633065,0.003264958700937403
0.1806288609902064,-0.05610938866933187,0.0022564960753474967
0.1806288609902064,0.05610938866933187,0.003264958700937403
0.18331550061702728,-0.056302472949028015,0.002253817574333804
0.18331550061702728,0.056302472949028015,0.0032434928417259114
0.18466968834400177,-0.05639754980802536,0.002253817574333804
0.18466968834400177,0.05639754980802536,0.0032434928417259114
0.18740013738473257,-0.05658467610677083,0.00225001676988432
0.18740013738473257,0.05658467610677083,0.003221264708732657
0.18877639869848883,-0.05667672554651896,0.00225001676988432
0.18877639869848883,0.05667672554651896,0.003221264708732657
0.19155133763949075,-0.05685769766569137,0.002245910749101722
0.19155133763949075,0.05685769766569137,0.0031985346940298608
0.19295001526673636,-0.05694662034511566,0.002245910749101722
0.19295001526673636,0.05694662034511566,0.0031985346940298608
0.19648085534572599,-0.05716412328183651,0.002241873616581267
0.19648085534572599,0.05716412328183651,0.003174976403392319
0.20077984780073163,-0.05741636641323567,0.002237360400429883
0.20077984780073163,0.05741636641323567,0.003151151394027554
0.20441470543543497,-0.05761917059620222,0.002232744868875736
0.20441470543543497,0.05761917059620222,0.0031270107259808045
0.2058827330668767,-0.05769831190506617,0.002232744868875736
0.2058827330668767,0.05769831190506617,0.0031270107259808045
0.20884263018767038,-0.057853116343418755,0.0022277330200533205
0.20884263018767038,0.057853116343418755,0.003102374309407271
0.2103344996770223,-0.05792877947290739,0.0022277330200533205
0.2103344996770223,0.05792877947290739,0.003102374309407271
0.21334244310855865,-0.05807657167315483,0.0022227151495533316
0.21334244310855865,0.05807657167315483,0.0030771356788985684
0.2148585170507431,-0.05814870074391365,0.0022227151495533316
0.2148585170507431,0.05814870074391365,0.0030771356788985684
0.2186855748295784,-0.05832365155220031,0.0022179060330986987
0.2186855748295784,0.05832365155220031,0.0030515112124661985
0.22256217896938324,-0.05849128092328707,0.0022128963583214318
0.22256217896938324,0.05849128092328707,0.003025404332979693
0.22412779927253723,-0.058556088556845985,0.0022128963583214318
0.22412779927253723,0.058556088556845985,0.003025404332979693
0.2272843966881434,-0.058681897819042206,0.002207967819948439
0.2272843966881434,0.058681897819042206,0.0029991564747982318
0.2288753738005956,-0.05874289944767952,0.002207967819948439
0.2288753738005956,0.05874289944767952,0.0029991564747982318
0.23208307226498923,-0.05886100480953852,0.002202675357723644
0.23208307226498923,0.05886100480953852,0.0029722859763248533
0.23369979361693063,-0.058918108542760216,0.002202675357723644
0.23369979361693063,0.058918108542760216,0.0029722859763248533
0.23695938289165497,-0.05902833739916483,0.0021970658584331702
0.23695938289165497,0.05902833739916483,0.00294569961025292
0.23860225081443787,-0.05908146252234777,0.0021970658584331702
0.23860225081443787,0.05908146252234777,0.00294569961025292
0.24274925142526627,-0.05920810066163539,0.0021917576454273608
0.24274925142526627,0.05920810066163539,0.0029184272381796708
0.2469497720400492,-0.05932644257942835,0.0021860419962636047
0.2469497720400492,0.05932644257942835,0.0028912561909891755
0.2486461599667867,-0.059371271481116615,0.0021860419962636047
0.2486461599667867,0.059371271481116615,0.0028912561909891755
0.25206632415453595,-0.05945661291480065,0.0021803331278604106
0.25206632415453595,0.05945661291480065,0.002864123995996743
0.25379010041554767,-0.059497125446796424,0.0021803331278604106
0.25379010041554767,0.059497125446796424,0.002864123995996743
0.25726546843846637,-0.059573764602343246,0.0021750483558753793
0.25726546843846637,0.059573764602343246,0.0028371565825038732
0.25901706020037335,-0.059609891225894295,0.0021750483558753793
0.25901706020037335,0.059609891225894295,0.0028371565825038732
0.2625484764575958,-0.05967759961883227,0.002169396142800675
0.2625484764575958,0.05967759961883227,0.002809267322970467
0.2643283009529114,-0.0597091813882192,0.002169396142800675
0.2643283009529114,0.0597091813882192,0.002809267322970467
0.26791664958000183,-0.059767757852872215,0.0021634377669298784
0.26791664958000183,0.059767757852872215,0.0027814978460350757
0.26972517371177673,-0.0597947525481383,0.0021634377669298784
0.26972517371177673,0.0597947525481383,0.0027814978460350757
0.2733713487784068,-0.05984402323762575,0.002157451915339236
0.2733713487784068,0.05984402323762575,0.0027541996030979714
0.2752089997132619,-0.05986629923184713,0.002157451915339236
0.2752089997132619,0.05986629923184713,0.0027541996030979714
0.2789138853549957,-0.059906002134084695,0.0021516269466572784
0.2789138853549957,0.059906002134084695,0.0027261600674193458
0.2807811200618744,-0.05992342904210091,0.0021516269466572784
0.2807811200618744,0.05992342904210091,0.0027261600674193458
0.284545640150706,-0.05995331207911173,0.0021449246666266106
0.284545640150706,0.05995331207911173,0.002697647263821266
0.2864429255326589,-0.05996576820810636,0.0021449246666266106
0.2864429255326589,0.05996576820810636,0.002697647263821266
0.29026801387468976,-0.05998561531305313,0.002138324696679468
0.29026801387468976,0.05998561531305313,0.002669079270707597
0.29219581683476764,-0.05999300628900528,0.002138324696679468
0.29219581683476764,0.05999300628900528,0.002669079270707597
0.2960824171702067,-0.06000261008739471,0.0021314908822278973
0.2960824171702067,0.06000261008739471,0.0026411941558004476
0.2980412145455678,-0.060004822909832,0.0021314908822278973
0.2980412145455678,0.060004822909832,0.0026411941558004476
0.3014647364616394,-0.06000528732935587,0.002129033185367141
0.3014647364616394,0.06000528732935587,0.0026220447708230257
0.30292946100234985,-0.060003538926442467,0.002129033185367141
0.30292946100234985,0.060003538926442467,0.0026220447708230257
0.30659127235412603,-0.05999482981860637,0.002130146035719038
0.30659127235412603,0.05999482981860637,0.0026079085828998472
0.3102530638376872,-0.059980435917774834,0.0021312461851151886
0.3102530638376872,0.059980435917774834,0.0025938243133213257
0.3117177685101827,-0.059973002721865974,0.0021312461851151886
0.3117177685101827,0.059973002721865974,0.0025938243133213257
0.3146471679210663,-0.059955375889937074,0.002132174894025325
0.3146471679210663,0.059955375889937074,0.0025801382853741658
0.31611186265945435,-0.05994518225391706,0.002132174894025325
0.31611186265945435,0.05994518225391706,0.0025801382853741658
0.31904123226801556,-0.05992209414641062,0.0021334905695047494
0.31904123226801556,0.05992209414641062,0.002566861176223396
0.32050590713818866,-0.05990919967492422,0.0021334905695047494
0.32050590713818866,0.05990919967492422,0.002566861176223396
0.3234352270762126,-0.059880747149388,0.002134103276938878
0.3234352270762126,0.059880747149388,0.0025531480358612865
0.3248998721440633,-0.05986518909533819,0.002134103276938878
0.3248998721440633,0.05986518909533819,0.0025531480358612865
0.32856144011020666,-0.059822369366884225,0.0021347387677181306
0.32856144011020666,0.059822369366884225,0.0025396292582677755
0.33222294847170514,-0.05977436155080795,0.0021354176518289633
0.33222294847170514,0.05977436155080795,0.0025257174196376404
0.3336875339349111,-0.05975361540913582,0.0021354176518289633
0.3336875339349111,0.05975361540913582,0.0025257174196376404
0.3366166651248932,-0.0597095862030983,0.0021362017038702758
0.3366166651248932,0.0597095862030983,0.0025120911405155356
0.3380812108516693,-0.05968630313873292,0.0021362017038702758
0.3380812108516693,0.05968630313873292,0.0025120911405155356
0.3410102625687917,-0.059637279560168587,0.0021364048908627613
0.3410102625687917,0.059637279560168587,0.0024987787087101623
0.342474768559138,-0.05961153904596964,0.0021364048908627613
0.342474768559138,0.05961153904596964,0.0024987787087101623
0.3454037308692932,-0.059557609260082245,0.0021364348309762444
0.3454037308692932,0.059557609260082245,0.002485537802267555
0.3468681871891022,-0.059529419988393784,0.0021364348309762444
0.3468681871891022,0.059529419988393784,0.002485537802267555
0.3505292534828186,-0.05945535935461521,0.002136013176375157
0.3505292534828186,0.05945535935461521,0.002472477347837517
0.3541902204354604,-0.05937654276688894,0.002135162362630096
0.3541902204354604,0.05937654276688894,0.002459888560308635
0.35565457741419476,-0.05934359754125277,0.002135162362630096
0.35565457741419476,0.05934359754125277,0.002459888560308635
0.3585832417011261,-0.059275406102339424,0.0021343200877612166
0.3585832417011261,0.059275406102339424,0.0024470203856947945
0.3600475490093231,-0.05924015988906225,0.0021343200877612166
0.3600475490093231,0.05924015988906225,0.0024470203856947945
0.36297610402107233,-0.059167373925447464,0.002133575886178895
0.36297610402107233,0.059167373925447464,0.002434249624320254
0.3644403517246246,-0.059129834175109856,0.002133575886178895
0.3644403517246246,0.059129834175109856,0.002434249624320254
0.36736879746119183,-0.05905253564318021,0.002132382692560503
0.36736879746119183,0.05905253564318021,0.002421742769275618
0.36883299549420673,-0.05901277686158816,0.002132382692560503
0.36883299549420673,0.05901277686158816,0.002421742769275618
0.37249337136745453,-0.05891007743775844,0.0021314399422085687
0.37249337136745453,0.05891007743775844,0.002409454228868391
0.3761536180973053,-0.05880297472079595,0.002130278293624965
0.3761536180973053,0.05880297472079595,0.002396754391074497
0.3776176869869232,-0.058758812646071114,0.002130278293624965
0.3776176869869232,0.058758812646071114,0.002396754391074497
0.3805457552274068,-0.058668382465839386,0.0021291787631350172
0.3805457552274068,0.058668382465839386,0.0023847865611681127
0.3820097545782725,-0.05862211436033249,0.0021291787631350172
0.3820097545782725,0.05862211436033249,0.0023847865611681127
0.38493768374125165,-0.0585274671514829,0.0021275671783136333
0.38493768374125165,0.0585274671514829,0.0023725439665237074
0.38640161355336505,-0.058479088048140206,0.0021275671783136333
0.38640161355336505,0.058479088048140206,0.0023725439665237074
0.3893294036388397,-0.058380285898844406,0.002125947413932936
0.3893294036388397,0.058380285898844406,0.0023607350512352284
0.3907932639122009,-0.05832986285289129,0.002125947413932936
0.3907932639122009,0.05832986285289129,0.0023607350512352284
0.3944528102874756,-0.058200754225254066,0.0021243151289278535
0.3944528102874756,0.058200754225254066,0.0023488327218047214
0.3981122076511383,-0.05806758378942808,0.0021227331349287647
0.3981122076511383,0.05806758378942808,0.0023367978061696612
0.3995759189128876,-0.058013098935286195,0.0021227331349287647
0.3995759189128876,0.058013098935286195,0.0023367978061696612
0.40250327189763385,-0.057902190834283836,0.0021212526619018507
0.40250327189763385,0.057902190834283836,0.0023253135579161424
0.4039669136206309,-0.057845767587423325,0.0021212526619018507
0.4039669136206309,0.057845767587423325,0.0023253135579161424
0.4068941275278727,-0.057730949173370995,0.0021193174779954565
0.4068941275278727,0.057730949173370995,0.002313697022345732
0.40835769971211744,-0.057672554006179176,0.0021193174779954565
0.40835769971211744,0.057672554006179176,0.002313697022345732
0.41128475467363995,-0.05755387991666794,0.002117793285895001
0.41128475467363995,0.05755387991666794,0.0023021503096502384
0.41274823745091754,-0.05749360099434852,0.002117793285895001
0.41274823745091754,0.05749360099434852,0.0023021503096502384
0.41640684008598333,-0.05734006315469741,0.002115856197019752
0.41640684008598333,0.05734006315469741,0.002290723083459395
0.42006529370943707,-0.05718279381593069,0.0021142827447081444
0.42006529370943707,0.05718279381593069,0.002279368423488383
0.42152862747510267,-0.057118783394495644,0.0021142827447081444
0.42152862747510267,0.057118783394495644,0.002279368423488383
0.424455205599467,-0.05698894212643305,0.0021123334707797404
0.424455205599467,0.05698894212643305,0.002268138822270133
0.42591844995816547,-0.056923111279805504,0.0021123334707797404
0.42591844995816547,0.056923111279805504,0.002268138822270133
0.4288448592027028,-0.05678963412841161,0.0021103493118072645
0.4288448592027028,0.05678963412841161,0.002256973529117204
0.4303080240885417,-0.05672198782364527,0.0021103493118072645
0.4303080240885417,0.05672198782364527,0.002256973529117204
0.4332342743873596,-0.056584954261779785,0.002108488712421711
0.4332342743873596,0.056584954261779785,0.0022460664021857805
0.43469735980033875,-0.056515567004680634,0.002108488712421711
0.43469735980033875,0.056515567004680634,0.0022460664021857805
0.438354954123497,-0.0563394520431757,0.0021064014307356138
0.438354954123497,0.0563394520431757,0.0022353724337692833
0.4420123795668285,-0.05615986262758573,0.0021045369711047623
0.4420123795668285,0.05615986262758573,0.002224914663047461
0.44347529609998065,-0.05608700091640154,0.0021045369711047623
0.44347529609998065,0.05608700091640154,0.002224914663047461
0.44640103975931805,-0.055939568827549614,0.002102285932099959
0.44640103975931805,0.055939568827549614,0.0022141873298985974
0.44786386688550317,-0.055864998449881874,0.002102285932099959
0.44786386688550317,0.055864998449881874,0.0022141873298985974
0.45078944166501367,-0.055714202423890434,0.0021003771981863055
0.45078944166501367,0.055714202423890434,0.0022035728955830934
0.45225218931833905,-0.055637976775566735,0.0021003771981863055
0.45225218931833905,0.055637976775566735,0.0022035728955830934
0.45517759521802265,-0.05548389876882235,0.0020982946562321247
0.45517759521802265,0.05548389876882235,0.002193358686756326
0.4566402534643809,-0.055406046410401665,0.0020982946562321247
0.4566402534643809,0.055406046410401665,0.002193358686756326
0.46029676496982574,-0.05520896241068841,0.0020965221281934285
0.46029676496982574,0.05520896241068841,0.002183302589381546
0.46395309766133624,-0.05500863865017891,0.0020941932288339356
0.46395309766133624,0.05500863865017891,0.0021728663234680283
0.4654155770937602,-0.054927546530962,0.0020941932288339356
0.4654155770937602,0.054927546530962,0.0021728663234680283
0.4683404564857483,-0.05476377656062444,0.002092118447128303
0.4683404564857483,0.05476377656062444,0.002162417693014865
0.4698028564453125,-0.05468109870950381,0.002092118447128303
0.4698028564453125,0.05468109870950381,0.002162417693014865
0.4727275570233663,-0.054514214396476746,0.0020900519909595404
0.4727275570233663,0.054514214396476746,0.0021522114546597116
0.4741898576418559,-0.05443000793457031,0.0020900519909595404
0.4741898576418559,0.05443000793457031,0.0021522114546597116
0.47711437940597534,-0.05426006888349851,0.0020880405100685926
0.47711437940597534,0.05426006888349851,0.002141935963650628
0.4785766005516052,-0.05417433629433314,0.0020880405100685926
0.4785766005516052,0.05417433629433314,0.002141935963650628
0.4822320193052292,-0.05395769886672497,0.0020860051168796376
0.4822320193052292,0.05395769886672497,0.0021315009156057125
0.48588724931081134,-0.0537380613386631,0.002083765703262166
0.48588724931081134,0.0537380613386631,0.0021214704918779605
0.4873492817083995,-0.05364932864904404,0.002083765703262166
0.4873492817083995,0.05364932864904404,0.0021214704918779605
0.49027326703071594,-0.053470365703105927,0.0020815780908424474
0.49027326703071594,0.053470365703105927,0.0021112879166664206
0.49173521995544434,-0.05338013544678689,0.0020815780908424474
0.49173521995544434,0.05338013544678689,0.0021112879166664206
0.4946590264638265,-0.05319824814796448,0.002079406093767503
0.4946590264638265,0.05319824814796448,0.0021012161941527325
0.4961208800474803,-0.05310659110546112,0.002079406093767503
0.4961208800474803,0.05310659110546112,0.0021012161941527325
0.49904449780782056,-0.052921857684850686,0.0020772005297429786
0.49904449780782056,0.052921857684850686,0.002091293080095688
0.5005062619845072,-0.05282878130674362,0.0020772005297429786
0.5005062619845072,0.05282878130674362,0.002091293080095688
0.5041605532169342,-0.052593868225812905,0.0020753083688878644
0.5041605532169342,0.052593868225812905,0.0020815719412917155
0.5078146656354269,-0.0523561363418897,0.00207293927959214
0.5078146656354269,0.0523561363418897,0.0020716751511284455
0.5092762509981791,-0.05226024116079012,0.00207293927959214
0.5092762509981791,0.05226024116079012,0.0020716751511284455
0.512199322382609,-0.05206704636414846,0.0020705289885561778
0.512199322382609,0.05206704636414846,0.0020621011125627167
0.5136608084042867,-0.05196974674860636,0.0020705289885561778
0.5136608084042867,0.05196974674860636,0.0020621011125627167
0.5165837009747823,-0.051773812621831894,0.0020683894531836806
0.5165837009747823,0.051773812621831894,0.0020522307273321077
0.5180451075236002,-0.05167517811059952,0.0020683894531836806
0.5180451075236002,0.05167517811059952,0.0020522307273321077
0.5209678411483765,-0.05147655432422956,0.0020661685088979023
0.5209678411483765,0.05147655432422956,0.002042667384538499
0.5224291682243347,-0.05137656504909197,0.0020661685088979023
0.5224291682243347,0.05137656504909197,0.002042667384538499
0.526082307100296,-0.05112461559474468,0.0020641119031689983
0.526082307100296,0.05112461559474468,0.0020331501188032477
0.5304658114910126,-0.05081873200833797,0.0020617564657311495
0.5304658114910126,0.05081873200833797,0.0020238439406381884
0.5341185530026754,-0.050560884177684784,0.0020595081892609557
0.5341185530026754,0.050560884177684784,0.0020144636339370662
0.5355796019236246,-0.05045695975422859,0.0020595081892609557
0.5355796019236246,0.05045695975422859,0.0020144636339370662
0.5385016004244486,-0.0502478318909804,0.002057114347279671
0.5385016004244486,0.0502478318909804,0.0020050218406665902
0.5399625500043234,-0.05014262845118841,0.002057114347279671
0.5399625500043234,0.05014262845118841,0.0020050218406665902
0.542884349822998,-0.04993097732464472,0.002054894394441775
0.542884349822998,0.04993097732464472,0.001995912946807252
0.5443452000617981,-0.04982452963789304,0.002054894394441775
0.5443452000617981,0.04982452963789304,0.001995912946807252
0.5479972064495087,-0.049556545913219445,0.002052865853414478
0.5479972064495087,0.049556545913219445,0.001986267364496224
0.5523793697357178,-0.04923161491751671,0.002050385349186498
0.5523793697357178,0.04923161491751671,0.0019768598721855058
0.5560309489568075,-0.04895804822444916,0.0020480825322140178
0.5560309489568075,0.04895804822444916,0.001967477684101241
0.5574915210405985,-0.048847876489162445,0.0020480825322140178
0.5574915210405985,0.048847876489162445,0.001967477684101241
0.560412585735321,-0.04862635210156441,0.002045892441576398
0.560412585735321,0.04862635210156441,0.001957824648932161
0.5618730783462524,-0.04851499944925308,0.002045892441576398
0.5618730783462524,0.04851499944925308,0.001957824648932161
0.5647939642270406,-0.048291114469369255,0.002043822446894991
0.5647939642270406,0.048291114469369255,0.0019484527226198358
0.5662543574968973,-0.048178582141796746,0.002043822446894991
0.5662543574968973,0.048178582141796746,0.0019484527226198358
0.5691750645637512,-0.04795228938261668,0.002041445544240233
0.5691750645637512,0.04795228938261668,0.001938940472546877
0.5706353783607483,-0.04783852895100912,0.002041445544240233
0.5706353783607483,0.04783852895100912,0.001938940472546877
0.5742860138416289,-0.047552408650517464,0.002039087907913672
0.5742860138416289,0.047552408650517464,0.0019295513263144232
0.5779364705085754,-0.04726400847236315,0.002036954074968088
0.5779364705085754,0.04726400847236315,0.0019201180159088178
0.5793966054916382,-0.04714796816309293,0.002036954074968088
0.5793966054916382,0.04714796816309293,0.0019201180159088178
0.5823167761166891,-0.04691473270455996,0.0020343922837167752
0.5823167761166891,0.04691473270455996,0.0019109297517251964
0.5837768117586771,-0.04679753755529722,0.0020343922837167752
0.5837768117586771,0.04679753755529722,0.0019109297517251964
0.5866967837015787,-0.046562006076176964,0.0020323593379691723
0.5866967837015787,0.046562006076176964,0.00190172112171547
0.5881567200024923,-0.04644366974631945,0.0020323593379691723
0.5881567200024923,0.04644366974631945,0.00190172112171547
0.5910765131314596,-0.04620589315891266,0.002029924275222546
0.5910765131314596,0.04620589315891266,0.0018928347905805588
0.5925363699595133,-0.04608645290136337,0.002029924275222546
0.5925363699595133,0.04608645290136337,0.0018928347905805588
0.5961858630180358,-0.04578620567917824,0.002027470890901424
0.5961858630180358,0.04578620567917824,0.0018842119280106022
0.5998351573944092,-0.04548375805219015,0.0020253256808386647
0.5998351573944092,0.04548375805219015,0.0018750891164242161
0.6012948155403137,-0.0453621173898379,0.0020253256808386647
0.6012948155403137,0.0453621173898379,0.0018750891164242161
0.6042140523592631,-0.04511772841215134,0.0020227323163889655
0.6042140523592631,0.04511772841215134,0.0018660960419089236
0.605673631032308,-0.04499498009681702,0.0020227323163889655
0.605673631032308,0.04499498009681702,0.0018660960419089236
0.608592708905538,-0.04474842796723048,0.002020500330706636
0.608592708905538,0.04474842796723048,0.0018570537595171972
0.610052208105723,-0.044624624152978264,0.002020500330706636
0.610052208105723,0.044624624152978264,0.0018570537595171972
0.6129710872968038,-0.04437594612439474,0.002018167484438777
0.6129710872968038,0.04437594612439474,0.0018477052452045314
0.6144304672876993,-0.04425107191006342,0.002018167484438777
0.6144304672876993,0.04425107191006342,0.0018477052452045314
0.6180788278579712,-0.04393726214766503,0.0020156150140018636
0.6180788278579712,0.04393726214766503,0.0018387133337387435
0.6217270096143087,-0.04362134511272113,0.0020133476541620617
0.6217270096143087,0.04362134511272113,0.0018296207480210317
0.6231862107912699,-0.04349436362584432,0.0020133476541620617
0.6231862107912699,0.04349436362584432,0.0018296207480210317
0.6261045336723328,-0.04323936998844147,0.002011028622432018
0.6261045336723328,0.04323936998844147,0.0018204967558468257
0.6275636553764342,-0.04311135783791542,0.002011028622432018
0.6275636553764342,0.04311135783791542,0.0018204967558468257
0.6304818193117777,-0.04285430163145065,0.002008528654162113
0.6304818193117777,0.04285430163145065,0.0018113867631982129
0.6319408615430198,-0.042725257575511925,0.002008528654162113
0.6319408615430198,0.042725257575511925,0.0018113867631982129
0.6348588466644287,-0.04246613631645838,0.0020062756124463667
0.6348588466644287,0.04246613631645838,0.0018023316980024014
0.636317789554596,-0.04233605911334356,0.0020062756124463667
0.636317789554596,0.04233605911334356,0.0018023316980024014
0.6399649977684021,-0.04200933687388897,0.0020035980768366712
0.6399649977684021,0.04200933687388897,0.001793080997523262
0.6436120271682739,-0.04168061291178068,0.0020015790604204645
0.6436120271682739,0.04168061291178068,0.001784088822207195
0.6450707912445068,-0.04154853398601214,0.0020015790604204645
0.6450707912445068,0.04154853398601214,0.001784088822207195
0.6479882399241129,-0.04128336409727732,0.0019989875297163266
0.6479882399241129,0.04128336409727732,0.0017747732004225116
0.6494469245274862,-0.04115027313431104,0.0019989875297163266
0.6494469245274862,0.04115027313431104,0.0017747732004225116
0.652364174524943,-0.04088310276468595,0.001997096603092444
0.652364174524943,0.04088310276468595,0.0017653721548829156
0.6538227399190267,-0.04074902335802714,0.001997096603092444
0.6538227399190267,0.04074902335802714,0.0017653721548829156
0.6567397912343343,-0.04047985995809237,0.0019942614217243167
0.6567397912343343,0.04047985995809237,0.0017560437340392707
0.6581982771555582,-0.040344775964816414,0.0019942614217243167
0.6581982771555582,0.040344775964816414,0.0017560437340392707
0.6618443727493286,-0.04000563360750676,0.001992006332809623
0.6618443727493286,0.04000563360750676,0.0017469852329551837
0.6662194430828094,-0.03959607891738415,0.001989705616027417
0.6662194430828094,0.03959607891738415,0.0017375647298058306
0.6698651115099589,-0.039252584179242454,0.001987379931650948
0.6698651115099589,0.039252584179242454,0.0017285109539804987
0.671323319276174,-0.03911458576718966,0.001987379931650948
0.671323319276174,0.03911458576718966,0.0017285109539804987
0.6742396553357443,-0.038837643961111695,0.0019846195433139663
0.6742396553357443,0.038837643961111695,0.0017192146564817409
0.6756977836290995,-0.03869870056708653,0.0019846195433139663
0.6756977836290995,0.03869870056708653,0.0017192146564817409
0.6786139408747355,-0.038419863830010094,0.001982231456679375
0.6786139408747355,0.038419863830010094,0.0017097131644687276
0.6800719698270162,-0.038279970486958824,0.001982231456679375
0.6800719698270162,0.038279970486958824,0.0017097131644687276
0.6829879482587179,-0.037999248752991356,0.001979559315009797
0.6829879482587179,0.037999248752991356,0.001700394580473854
0.6844458977381388,-0.03785842036207517,0.001979559315009797
0.6844458977381388,0.03785842036207517,0.001700394580473854
0.6880906224250793,-0.03750489465892315,0.0019770583152951314
0.6880906224250793,0.03750489465892315,0.0016913052707005188
0.6917351682980856,-0.037149482717116676,0.0019749240628068863
0.6917351682980856,0.037149482717116676,0.0016819769309379267
0.6931929389635721,-0.03700676808754603,0.0019749240628068863
0.6931929389635721,0.03700676808754603,0.0016819769309379267
0.6961083809534708,-0.03672041123112043,0.001972349706576215
0.6961083809534708,0.03672041123112043,0.0016721821326362999
0.6975660522778829,-0.036576769004265465,0.001972349706576215
0.6975660522778829,0.036576769004265465,0.0016721821326362999
0.7004812955856323,-0.0362885445356369,0.0019698950110450127
0.7004812955856323,0.0362885445356369,0.0016625357476355378
0.7019388675689697,-0.03614396229386329,0.0019698950110450127
0.7019388675689697,0.03614396229386329,0.0016625357476355378
0.7048539121945699,-0.035853851586580276,0.0019673778688147434
0.7048539121945699,0.035853851586580276,0.0016531028306267328
0.7063113848368326,-0.03570832312107086,0.0019673778688147434
0.7063113848368326,0.03570832312107086,0.0016531028306267328
0.7099549472332001,-0.035343168303370476,0.001964986808948681
0.7099549472332001,0.035343168303370476,0.0016432701009704742
0.713598350683848,-0.03497620796163877,0.001962436587663254
0.713598350683848,0.03497620796163877,0.001633447540771788
0.7150556643803915,-0.03482887397209803,0.001962436587663254
0.7150556643803915,0.03482887397209803,0.001633447540771788
0.7179701725641886,-0.0345333032310009,0.0019603341226268655
0.7179701725641886,0.0345333032310009,0.0016234878240134207
0.7194273670514425,-0.034385066479444504,0.0019603341226268655
0.7194273670514425,0.034385066479444504,0.0016234878240134207
0.7223416765530905,-0.034087639302015305,0.001957526746954745
0.7223416765530905,0.034087639302015305,0.0016141279719026945
0.7237987915674845,-0.0339384488761425,0.001957526746954745
0.7237987915674845,0.0339384488761425,0.0016141279719026945
0.7267129222551981,-0.03363918513059616,0.0019549374569222924
0.7267129222551981,0.03363918513059616,0.0016038514376928933
0.7281699379285177,-0.03348911181092262,0.0019549374569222924
0.7281699379285177,0.03348911181092262,0.0016038514376928933
0.7318123579025269,-0.033112552016973495,0.0019527006461759976
0.7318123579025269,0.033112552016973495,0.0015938214726817783
0.7361830174922943,-0.03265824541449547,0.0019497458619588733
0.7361830174922943,0.03265824541449547,0.0015838360796260364
0.7398250102996826,-0.03227761139472326,0.0019468088965210867
0.7398250102996826,0.03227761139472326,0.001573614675411178
0.7412817478179932,-0.03212479750315348,0.0019468088965210867
0.7412817478179932,0.03212479750315348,0.001573614675411178
0.7441951235135397,-0.03181832283735275,0.0019440318764275956
0.7441951235135397,0.03181832283735275,0.001563226941956336
0.7456517616907755,-0.031664662063121796,0.0019440318764275956
0.7456517616907755,0.031664662063121796,0.001563226941956336
0.7485649585723877,-0.031356399257977806,0.0019413824809036318
0.7485649585723877,0.031356399257977806,0.0015529966466117948
0.7500215172767638,-0.03120179722706477,0.0019413824809036318
0.7500215172767638,0.03120179722706477,0.0015529966466117948
0.7536627352237701,-0.030813971534371376,0.001938855319515691
0.7536627352237701,0.030813971534371376,0.001542557370059346
0.7580319344997406,-0.030346198938786983,0.0019359677233768665
0.7580319344997406,0.030346198938786983,0.0015317828722667497
0.7616727352142334,-0.029954376940925915,0.0019332665822349678
0.7616727352142334,0.029954376940925915,0.0015211511028669854
0.7631289958953857,-0.029797103876868885,0.0019332665822349678
0.7631289958953857,0.029797103876868885,0.0015211511028669854
0.7660414179166158,-0.029481645673513412,0.0019304061348585074
0.7660414179166158,0.029481645673513412,0.00151013772325338
0.7674975792566935,-0.029323460534214973,0.0019304061348585074
0.7674975792566935,0.029323460534214973,0.00151013772325338
0.7704098224639893,-0.029006222262978554,0.0019273997989893551
0.7704098224639893,0.029006222262978554,0.0014990808539345536
0.7718659043312073,-0.028847169131040573,0.0019273997989893551
0.7718659043312073,0.028847169131040573,0.0014990808539345536
0.7747779488563538,-0.02852817562719186,0.0019244463031121482
0.7747779488563538,0.02852817562719186,0.0014879479060443614
0.7762339115142822,-0.02836823525528113,0.0019244463031121482
0.7762339115142822,0.02836823525528113,0.0014879479060443614
0.7798736989498138,-0.02796706184744835,0.0019218141137238558
0.7798736989498138,0.02796706184744835,0.0014768295817549767
0.7835132877031962,-0.027564091607928276,0.001918668779088728
0.7835132877031962,0.027564091607928276,0.0014650012537654063
0.7849690516789755,-0.027402354404330254,0.001918668779088728
0.7849690516789755,0.027402354404330254,0.0014650012537654063
0.7878804802894592,-0.027077963575720787,0.0019156641096448092
0.7878804802894592,0.027077963575720787,0.001453109605815524
0.7893361449241638,-0.026915309950709343,0.0019156641096448092
0.7893361449241638,0.026915309950709343,0.001453109605815524
0.7922473947207133,-0.026589134708046917,0.0019128091586545766
0.7922473947207133,0.026589134708046917,0.0014412121891631956
0.7937029798825582,-0.026425613090395927,0.0019128091586545766
0.7937029798825582,0.026425613090395927,0.0014412121891631956
0.7966140309969584,-0.026097694411873817,0.001910148277365673
0.7966140309969584,0.026097694411873817,0.0014291887332594853
0.7980694969495138,-0.025933297351002693,0.001910148277365673
0.7980694969495138,0.025933297351002693,0.0014291887332594853
0.8017080128192902,-0.02552094217389822,0.0019068396088236048
0.8017080128192902,0.02552094217389822,0.0014170770561405548
0.8060739636421203,-0.02502364665269852,0.0019038860452696654
0.8060739636421203,0.02502364665269852,0.001404557630930823
0.8097120324770609,-0.024607211972276374,0.0019003852178240642
0.8097120324770609,0.024607211972276374,0.0013914958016005437
0.8111672004063925,-0.024440114696820576,0.0019003852178240642
0.8111672004063925,0.024440114696820576,0.0013914958016005437
0.8140774369239806,-0.02410502793888251,0.0018970901761742476
0.8140774369239806,0.02410502793888251,0.001378790569236143
0.8155325055122375,-0.023937038456400234,0.0018970901761742476
0.8155325055122375,0.023937038456400234,0.001378790569236143
0.8184425234794617,-0.023600127547979355,0.0018938448772191493
0.8184425234794617,0.023600127547979355,0.0013654820499430364
0.819897472858429,-0.02343120612204075,0.0018938448772191493
0.819897472858429,0.02343120612204075,0.0013654820499430364
0.8235347270965577,-0.02300760429352522,0.001890484350833484
0.8235347270965577,0.02300760429352522,0.001352113858743013
0.8278991281986237,-0.022496813908219337,0.0018868313524524256
0.8278991281986237,0.022496813908219337,0.001338347927410123
0.8315358757972717,-0.022069067383805912,0.0018832140001986868
0.8315358757972717,0.022069067383805912,0.0013244698556011444
0.8329905271530151,-0.02189743084212144,0.0018832140001986868
0.8329905271530151,0.02189743084212144,0.0013244698556011444
0.8358997106552124,-0.021553263689080875,0.0018796524390421172
0.8358997106552124,0.021553263689080875,0.0013101512368560385
0.8373542428016663,-0.021380733077724774,0.0018796524390421172
0.8373542428016663,0.021380733077724774,0.0013101512368560385
0.8402631878852844,-0.02103473370273908,0.001875941842809362
0.8402631878852844,0.02103473370273908,0.001295714939041774
0.8417176008224487,-0.020861264939109482,0.001875941842809362
0.8417176008224487,0.020861264939109482,0.001295714939041774
0.8446263273557028,-0.020513411611318588,0.0018718599422369296
0.8446263273557028,0.020513411611318588,0.001280941167735652
0.8460806409517924,-0.020339027047157288,0.0018718599422369296
0.8460806409517924,0.020339027047157288,0.001280941167735652
0.8497162759304047,-0.019901721738278866,0.0018678782744278636
0.8497162759304047,0.019901721738278866,0.0012655243365102505
0.8533516724904379,-0.019462586070100468,0.0018636550478949277
0.8533516724904379,0.019462586070100468,0.001249984715276638
0.8548057476679484,-0.019286371146639187,0.0018636550478949277
0.8548057476679484,0.019286371146639187,0.001249984715276638
0.8577137986818949,-0.018932998180389404,0.0018596400091080896
0.8577137986818949,0.018932998180389404,0.001234154560229689
0.8591677745183309,-0.0187558401376009,0.0018596400091080896
0.8591677745183309,0.0187558401376009,0.001234154560229689
0.8620756268501282,-0.01840061880648136,0.0018555146824847553
0.8620756268501282,0.01840061880648136,0.0012180539212349724
0.8635295033454895,-0.01822255551815033,0.0018555146824847553
0.8635295033454895,0.01822255551815033,0.0012180539212349724
0.8664371172587076,-0.017865469058354694,0.0018510668134713495
0.8664371172587076,0.017865469058354694,0.0012012101618092605
0.8678908546765646,-0.017686445886890095,0.0018510668134713495
0.8678908546765646,0.017686445886890095,0.0012012101618092605
0.8715250492095948,-0.017237461172044277,0.0018467035106445855
0.8715250492095948,0.017237461172044277,0.0011839217756336102
0.875885784626007,-0.016696158796548843,0.0018418332761081608
0.875885784626007,0.016696158796548843,0.001166211299053479
0.8795194625854492,-0.016242940599719684,0.0018372819185423393
0.8795194625854492,0.016242940599719684,0.001148249031107362
0.8809728622436523,-0.016061063235004742,0.0018372819185423393
0.8809728622436523,0.016061063235004742,0.001148249031107362
0.8838795224825541,-0.01569636104007562,0.0018321209875553862
0.8838795224825541,0.01569636104007562,0.0011292841011976969
0.8853327830632528,-0.015513536209861437,0.0018321209875553862
0.8853327830632528,0.015513536209861437,0.0011292841011976969
0.8882392048835754,-0.01514696547140678,0.0018271231682317037
0.8882392048835754,0.01514696547140678,0.0011101334743991345
0.8896923661231995,-0.0149632195631663,0.0018271231682317037
0.8896923661231995,0.0149632195631663,0.0011101334743991345
0.892598569393158,-0.014594730300207933,0.0018221339106430756
0.892598569393158,0.014594730300207933,0.0010901168350754195
0.8940516114234925,-0.014409986945490042,0.0018221339106430756
0.8940516114234925,0.014409986945490042,0.0010901168350754195
0.8976840078830719,-0.013946634717285633,0.0018165462172877248
0.8976840078830719,0.013946634717285633,0.0010697065365328849
0.9013161460558573,-0.013481302186846733,0.0018107999190486647
0.9013161460558573,0.013481302186846733,0.0010484477427933543
0.9027689297993978,-0.013294578529894352,0.0018107999190486647
0.9027689297993978,0.013294578529894352,0.0010484477427933543
0.9056743582089742,-0.012920167918006577,0.0018046460418000788
0.9056743582089742,0.012920167918006577,0.0010267424936008507
0.9071270028750101,-0.012732480963071188,0.0018046460418000788
0.9071270028750101,0.012732480963071188,0.0010267424936008507
0.9100321729977926,-0.01235613444199165,0.001798295501517315
0.9100321729977926,0.01235613444199165,0.0010045001580395534
0.9114846984545389,-0.012167474875847498,0.001798295501517315
0.9114846984545389,0.012167474875847498,0.0010045001580395534
0.9143896301587423,-0.011789168541630108,0.0017917881829777216
0.9143896301587423,0.011789168541630108,0.0009816889526057103
0.9158420364061991,-0.011599521773556868,0.0017917881829777216
0.9158420364061991,0.011599521773556868,0.0009816889526057103
0.9194728434085845,-0.011123810894787312,0.0017849365219840252
0.9194728434085845,0.011123810894787312,0.0009580177953138927
0.9238294363021851,-0.010550231207162142,0.0017778549414908663
0.9238294363021851,0.010550231207162142,0.0009334690047021922
0.9274596174558004,-0.010070016607642174,0.0017701496704162361
0.9274596174558004,0.010070016607642174,0.0009082884720888336
0.9289116064707439,-0.00987731758505106,0.0017701496704162361
0.9289116064707439,0.00987731758505106,0.0009082884720888336
0.9318154652913412,-0.009490902225176493,0.0017625509686123029
0.9318154652913412,0.009490902225176493,0.0008821472768294111
0.9332673350969949,-0.009297185887893042,0.0017625509686123029
0.9332673350969949,0.009297185887893042,0.0008821472768294111
0.9361709356307983,-0.008908689022064209,0.0017539178677754787
0.9361709356307983,0.008908689022064209,0.0008551204644748043
0.9376226663589478,-0.00871390849351883,0.0017539178677754787
0.9376226663589478,0.00871390849351883,0.0008551204644748043
0.9405259688695272,-0.008323331363499165,0.0017446482580747635
0.9405259688695272,0.008323331363499165,0.0008272094712328522
0.9419775406519572,-0.00812753476202488,0.0017446482580747635
0.9419775406519572,0.00812753476202488,0.0008272094712328522
0.9456062912940979,-0.007636439986526966,0.0017347728826959802
0.9456062912940979,0.007636439986526966,0.0007982983288086043
0.9492347637812296,-0.007143237628042698,0.001724101142023936
0.9492347637812296,0.007143237628042698,0.0007684522424241522
0.9506860574086508,-0.006945333443582058,0.001724101142023936
0.9506860574086508,0.006945333443582058,0.0007684522424241522
0.9535885055859884,-0.006548454674581687,0.001712687143694101
0.9535885055859884,0.006548454674581687,0.0007374885585421936
0.9550396601359049,-0.006349480090041955,0.001712687143694101
0.9550396601359049,0.006349480090041955,0.0007374885585421936
0.9579418102900187,-0.005950466729700565,0.0017005608573786085
0.9579418102900187,0.005950466729700565,0.0007051895312007873
0.9593928058942159,-0.005750427953898907,0.0017005608573786085
0.9593928058942159,0.005750427953898907,0.0007051895312007873
0.9622946580251058,-0.005349252838641405,0.0016873775684606406
0.9622946580251058,0.005349252838641405,0.0006716998221696832
0.9637455145517985,-0.005148116499185562,0.0016873775684606406
0.9637455145517985,0.005148116499185562,0.0006716998221696832
0.9673724174499512,-0.004643684718757868,0.0016726964536186955
0.9673724174499512,0.004643684718757868,0.0006370045432910432
0.9717243015766144,-0.004035414778627455,0.0016567638925638682
0.9717243015766144,0.004035414778627455,0.0005998483925718753
0.975350538889567,-0.0035259988314161697,0.0016385915785327825
0.975350538889567,0.0035259988314161697,0.0005598536543609998
0.9768009384473164,-0.0033215573833634457,0.0016385915785327825
0.9768009384473164,0.0033215573833634457,0.0005598536543609998
0.979701578617096,-0.002911607579638561,0.0016175656157247234
0.979701578617096,0.002911607579638561,0.0005162491157036988
0.9811518192291259,-0.0027060992239663997,0.0016175656157247234
0.9811518192291259,0.0027060992239663997,0.0005162491157036988
0.9840521216392517,-0.0022939245294158663,0.001593603402971265
0.9840521216392517,0.0022939245294158663,0.00046973466121918604
0.9855021834373474,-0.0020872581905374923,0.001593603402971265
0.9855021834373474,0.0020872581905374923,0.00046973466121918604
0.9884021679560343,-0.0016727991945420702,0.0015637999966560592
0.9884021679560343,0.0016727991945420702,0.00041514992823866363
0.9898520906766256,-0.0014650065374250212,0.0015637999966560592
0.9898520906766256,0.0014650065374250212,0.00041514992823866363
0.9934766292572021,-0.0009437983972020447,0.0015317896942757647
0.9934766292572021,0.0009437983972020447,0.0003752655444293848
0.9978256225585936,-0.0003151914570480668,0.0014521722353369217
0.9978256225585938,0.0003151914570480502,0.00020266626013817828
