x/c,z/c,Cp
0.0007384010068409796,-0.004135013551493918,102.73039823431647
0.0007384010068409796,0.004135013551493918,100.03189657592355
0.0029552452969733704,-0.009418951617720548,104.31359540994443
0.0029552452969733704,0.009418951617720548,99.16820018674527
0.004829370286080921,-0.011980089983232748,104.7851637289681
0.004829370286080921,0.011980089983232748,99.18195088600633
0.006893781531302562,-0.014241058695363868,105.06748140930348
0.006893781531302562,0.014241058695363868,99.33695056348483
0.008987119085763655,-0.016175937096467606,105.2178334571095
0.008987119085763655,0.016175937096467606,99.52688804133705
0.011091910815363358,-0.01788795623179252,105.30670119596013
0.011091910815363358,0.01788795623179252,99.72108155299122
0.013097419835398787,-0.019352952390128065,105.35009481512394
0.013097419835398787,0.019352952390128065,99.8973660775313
0.0152297855560648,-0.02077701680368221,105.3718016455279
0.0152297855560648,0.02077701680368221,100.07623651427903
0.017225698189569483,-0.02201092500908996,105.37808438610897
0.017225698189569483,0.02201092500908996,100.2367216628934
0.01891965766598278,-0.02299322737694101,105.37609506796485
0.01891965766598278,0.02299322737694101,100.348084807934
0.0210926279158057,-0.024179069844912065,105.36656122245259
0.0210926279158057,0.024179069844912065,100.4904684815199
0.022987461648881435,-0.025158817879855633,105.35450750309064
0.022987461648881435,0.025158817879855633,100.59547738024688
0.02496611021030106,-0.02612571811400837,105.33882186277738
0.02496611021030106,0.02612571811400837,100.67977433945862
0.026992930099368095,-0.027073926292359825,105.32107782939819
0.026992930099368095,0.027073926292359825,100.7398375968443
0.028785793642352623,-0.0278731081537661,105.30338539935636
0.028785793642352623,0.0278731081537661,100.7694537642562
0.03086369660829408,-0.028762803904574447,105.28474769032493
0.03086369660829408,0.028762803904574447,100.78386135781528
0.03274715319275856,-0.029538274742662907,105.26542950424457
0.03274715319275856,0.029538274742662907,100.7917028121739
0.034692878110345805,-0.03030729959896441,105.24528247641605
0.034692878110345805,0.03030729959896441,100.80464662516164
0.03694447561109403,-0.031164409710730208,105.22472054908974
0.03694447561109403,0.031164409710730208,100.82403144850171
0.03898260369896889,-0.03191220201551914,105.2040373607344
0.03898260369896889,0.03191220201551914,100.84766843040956
0.040618302300572395,-0.03249272517859936,105.18834355675466
0.040618302300572395,0.03249272517859936,100.86878875966377
0.04276122417039962,-0.03322873374944968,105.16721047594761
0.04276122417039962,0.03322873374944968,100.90873017427924
0.044850980678038124,-0.03392405584774157,105.14876129203655
0.044850980678038124,0.03392405584774157,100.988251108232
0.046991657224058035,-0.034612410328777626,105.1303424778799
0.046991657224058035,0.034612410328777626,101.12393012235398
0.049272313714027405,-0.03532339073717594,105.10931317217243
0.049272313714027405,0.03532339073717594,101.2883152998499
0.051100585609674454,-0.03587573394179344,105.09372513255336
0.051100585609674454,0.03587573394179344,101.38700971979709
0.05296221002936363,-0.036423636600375175,105.07829167161528
0.05296221002936363,0.036423636600375175,101.46280208779875
0.05485759489238263,-0.03696712106466293,105.06293143215767
0.05485759489238263,0.03696712106466293,101.52286810894047
0.05678713694214821,-0.03750626556575298,105.0476118713003
0.05678713694214821,0.03750626556575298,101.57396856658522
0.058751270174980164,-0.03804108873009681,105.03232485332316
0.058751270174980164,0.03804108873009681,101.61917062719247
0.06075043603777886,-0.038571609184145934,105.01732258554782
0.06075043603777886,0.038571609184145934,101.65997126325176
0.06278508342802526,-0.03909785486757755,105.00266201801466
0.06278508342802526,0.03909785486757755,101.69772914001172
0.0648556798696518,-0.039619822055101395,104.9878631432406
0.0648556798696518,0.039619822055101395,101.7334612224788
0.06696270406246185,-0.04013749025762082,104.97329206862801
0.06696270406246185,0.04013749025762082,101.7680624398587
0.06910663470625877,-0.04065093398094177,104.95886743697633
0.06910663470625877,0.04065093398094177,101.80197212103418
0.07128798216581346,-0.0411601010710001,104.94443466960463
0.07128798216581346,0.0411601010710001,101.83473466568239
0.07350726053118704,-0.0416649468243122,104.93041682395554
0.07350726053118704,0.0416649468243122,101.86679753840615
0.07538547615210216,-0.042082431415716805,104.91644779262676
0.07538547615210216,0.042082431415716805,101.89822582496588
0.07691618568885943,-0.042415287262505076,104.90941989482603
0.07691618568885943,0.042415287262505076,101.91353220914918
0.07844777901967366,-0.04274405290683111,104.90250316845814
0.07844777901967366,0.04274405290683111,101.9285964679189
0.08039799332618713,-0.043153516948223114,104.88885956593144
0.08039799332618713,0.043153516948223114,101.9583081175477
0.08277437835931778,-0.04364086873829365,104.8755088493266
0.08277437835931778,0.04364086873829365,101.98816621013745
0.08519143983721733,-0.04412377066910267,104.86226389708241
0.08519143983721733,0.04412377066910267,102.01739785228322
0.08723657826582591,-0.044522798309723534,104.84927928787991
0.08723657826582591,0.044522798309723534,102.04587287246419
0.08890298721908989,-0.044840681660629704,104.84281312808722
0.08890298721908989,0.044840681660629704,102.06004348010123
0.09057016173998515,-0.04515452558795611,104.83644925735837
0.09057016173998515,0.04515452558795611,102.07398992096287
0.09269260987639427,-0.045545078814029694,104.82374939835766
0.09269260987639427,0.045545078814029694,102.10135034749675
0.09527835994958878,-0.04600950703024864,104.81125293235824
0.09527835994958878,0.04600950703024864,102.1283934809486
0.09746592243512471,-0.0463929275671641,104.79885409499946
0.09746592243512471,0.0463929275671641,102.15469626387576
0.09834975997606914,-0.04654530187447866,104.79885409499946
0.09834975997606914,0.04654530187447866,102.15469626387576
0.10058169439435005,-0.046923818066716194,104.78674000784247
0.10058169439435005,0.046923818066716194,102.18082819668183
0.10330057144165039,-0.04737360216677189,104.77473168504615
0.10330057144165039,0.04737360216677189,102.20632554332386
0.10560054828723271,-0.04774462183316549,104.76282912661051
0.10560054828723271,0.04774462183316549,102.23139169680316
0.10652974496285121,-0.04789199928442637,104.76282912661051
0.10652974496285121,0.04789199928442637,102.23139169680316
0.1088760942220688,-0.0482578817754984,104.75115436833632
0.1088760942220688,0.0482578817754984,102.2564171716822
0.11125383526086807,-0.04862020288904508,104.73962605302306
0.11125383526086807,0.04862020288904508,102.2805395816355
0.11221442371606828,-0.04876401896278063,104.73962605302306
0.11221442371606828,0.04876401896278063,102.2805395816355
0.11463994905352592,-0.04912091232836247,104.72827672355093
0.11463994905352592,0.04912091232836247,102.30445046286745
0.1170977974931399,-0.04947419837117195,104.71699247983922
0.1170977974931399,0.04947419837117195,102.32819049397831
0.11809070905049641,-0.04961440712213516,104.71699247983922
0.11809070905049641,0.04961440712213516,102.32819049397831
0.12059778347611426,-0.049962127581238754,104.70596857916917
0.12059778347611426,0.049962127581238754,102.3514911962064
0.12313817938168843,-0.0503059799472491,104.69515620722045
0.12313817938168843,0.0503059799472491,102.37429561951132
0.12416441241900125,-0.05044232060511907,104.69515620722045
0.12416441241900125,0.05044232060511907,102.37429561951132
0.12675554305315018,-0.050780255347490304,104.68457163543319
0.12675554305315018,0.050780255347490304,102.39686410693474
0.129381000995636,-0.051114206512769066,104.67426367812769
0.129381000995636,0.051114206512769066,102.41943259435817
0.1304415613412857,-0.05124656359354655,104.67426367812769
0.1304415613412857,0.05124656359354655,102.41943259435817
0.13311930000782013,-0.051574384793639176,104.6639150422219
0.13311930000782013,0.051574384793639176,102.44159429577901
0.1363804042339325,-0.05196206457912921,104.65339555619505
0.1363804042339325,0.05196206457912921,102.46321903967643
0.13913838068644205,-0.052280252178510025,104.64336421337131
0.13913838068644205,0.052280252178510025,102.48490886933425
0.14025243123372397,-0.05240622411171594,104.64336421337131
0.14025243123372397,0.05240622411171594,102.48490886933425
0.14306511729955673,-0.05271779932081699,104.63349558494859
0.14306511729955673,0.05271779932081699,102.50631394879031
0.14649037271738052,-0.053085621446371085,104.62370017800635
0.14649037271738052,0.053085621446371085,102.52747495664478
0.14938701689243317,-0.05338695645332337,104.61406748546513
0.14938701689243317,0.05338695645332337,102.54834307857739
0.1505570411682129,-0.053506072610616684,104.61406748546513
0.1505570411682129,0.053506072610616684,102.54834307857739
0.1529163271188736,-0.05374185120066007,104.60458123588484
0.1529163271188736,0.05374185120066007,102.56896712890845
0.15410558879375458,-0.053858513633410134,104.60458123588484
0.15410558879375458,0.053858513633410134,102.56896712890845
0.15710803121328354,-0.054146554321050644,104.59541227938657
0.15710803121328354,0.054146554321050644,102.58911117175647
0.16076414287090302,-0.054485457018017776,104.58608874420732
0.16076414287090302,0.054485457018017776,102.6090518216032
0.16448020935058594,-0.05481662787497044,104.57700928062962
0.16448020935058594,0.05481662787497044,102.62895992856971
0.1676225413878759,-0.05508673811952273,104.56823897441389
0.1676225413878759,0.05508673811952273,102.64867277825499
0.16889173785845435,-0.05519320194919904,104.56823897441389
0.16889173785845435,0.05519320194919904,102.64867277825499
0.1714508980512619,-0.055403356750806175,104.55957443255883
0.1714508980512619,0.055403356750806175,102.66801138481787
0.1727408617734909,-0.05550704772273699,104.55957443255883
0.1727408617734909,0.05550704772273699,102.66801138481787
0.17534186939398447,-0.055711617072423295,104.55100751934438
0.17534186939398447,0.055711617072423295,102.68718727697977
0.17665291329224905,-0.05581249545017878,104.55100751934438
0.17665291329224905,0.05581249545017878,102.68718727697977
0.17929640909036001,-0.056011381248633065,104.54231857032916
0.17929640909036001,0.056011381248633065,102.70658283358301
0.1806288609902064,-0.05610938866933187,104.54231857032916
0.1806288609902064,0.05610938866933187,102.70658283358301
0.18331550061702728,-0.056302472949028015,104.53402827159647
0.18331550061702728,0.056302472949028015,102.72576686146492
0.18466968834400177,-0.05639754980802536,104.53402827159647
0.18466968834400177,0.05639754980802536,102.72576686146492
0.18740013738473257,-0.05658467610677083,104.52613662314633
0.18740013738473257,0.05658467610677083,102.74440579610338
0.18877639869848883,-0.05667672554651896,104.52613662314633
0.18877639869848883,0.05667672554651896,102.74440579610338
0.19155133763949075,-0.05685769766569137,104.51809853173523
0.19155133763949075,0.05685769766569137,102.76310168078219
0.19295001526673636,-0.05694662034511566,104.51809853173523
0.19295001526673636,0.05694662034511566,102.76310168078219
0.19648085534572599,-0.05716412328183651,104.51002789744395
0.19648085534572599,0.05716412328183651,102.78172434398054
0.20077984780073163,-0.05741636641323567,104.5023721848753
0.20077984780073163,0.05741636641323567,102.80001344265676
0.20441470543543497,-0.05761917059620222,104.49500122250845
0.20441470543543497,0.05761917059620222,102.81836762709341
0.2058827330668767,-0.05769831190506617,104.49500122250845
0.2058827330668767,0.05769831190506617,102.81836762709341
0.20884263018767038,-0.057853116343418755,104.48760585298146
0.20884263018767038,0.057853116343418755,102.83642078988814
0.2103344996770223,-0.05792877947290739,104.48760585298146
0.2103344996770223,0.05792877947290739,102.83642078988814
0.21334244310855865,-0.05807657167315483,104.48024302633466
0.21334244310855865,0.05807657167315483,102.85436005260213
0.2148585170507431,-0.05814870074391365,104.48024302633466
0.2148585170507431,0.05814870074391365,102.85436005260213
0.2186855748295784,-0.05832365155220031,104.47298596404855
0.2186855748295784,0.05832365155220031,102.87233185819635
0.22256217896938324,-0.05849128092328707,104.46584280184315
0.22256217896938324,0.05849128092328707,102.890059592189
0.22412779927253723,-0.058556088556845985,104.46584280184315
0.22412779927253723,0.058556088556845985,102.890059592189
0.2272843966881434,-0.058681897819042206,104.45899252555962
0.2272843966881434,0.058681897819042206,102.9076978332611
0.2288753738005956,-0.05874289944767952,104.45899252555962
0.2288753738005956,0.05874289944767952,102.9076978332611
0.23208307226498923,-0.05886100480953852,104.45245140663805
0.23208307226498923,0.05886100480953852,102.92521403853242
0.23369979361693063,-0.058918108542760216,104.45245140663805
0.23369979361693063,0.058918108542760216,102.92521403853242
0.23695938289165497,-0.05902833739916483,104.44586960911623
0.23695938289165497,0.05902833739916483,102.94281160100425
0.23860225081443787,-0.05908146252234777,104.44586960911623
0.23860225081443787,0.05908146252234777,102.94281160100425
0.24274925142526627,-0.05920810066163539,104.4393203544746
0.24274925142526627,0.05920810066163539,102.96008373467401
0.2469497720400492,-0.05932644257942835,104.43319415727566
0.2469497720400492,0.05932644257942835,102.97736400406383
0.2486461599667867,-0.059371271481116615,104.43319415727566
0.2486461599667867,0.059371271481116615,102.97736400406383
0.25206632415453595,-0.05945661291480065,104.42669371695436
0.25206632415453595,0.05945661291480065,102.99450596621277
0.25379010041554767,-0.059497125446796424,104.42669371695436
0.25379010041554767,0.059497125446796424,102.99450596621277
0.25726546843846637,-0.059573764602343246,104.42050243399501
0.25726546843846637,0.059573764602343246,103.01150962112082
0.25901706020037335,-0.059609891225894295,104.42050243399501
0.25901706020037335,0.059609891225894295,103.01150962112082
0.2625484764575958,-0.05967759961883227,104.41473420847835
0.2625484764575958,0.05967759961883227,103.02892006203147
0.2643283009529114,-0.0597091813882192,104.41473420847835
0.2643283009529114,0.0597091813882192,103.02892006203147
0.26791664958000183,-0.059767757852872215,104.40899039012186
0.26791664958000183,0.059767757852872215,103.04549252377679
0.26972517371177673,-0.0597947525481383,104.40899039012186
0.26972517371177673,0.0597947525481383,103.04549252377679
0.2733713487784068,-0.05984402323762575,104.40328725036561
0.2733713487784068,0.05984402323762575,103.0622683785234
0.2752089997132619,-0.05986629923184713,104.40328725036561
0.2752089997132619,0.05986629923184713,103.0622683785234
0.2789138853549957,-0.059906002134084695,104.39764106064973
0.2789138853549957,0.059906002134084695,103.07940220495229
0.2807811200618744,-0.05992342904210091,104.39764106064973
0.2807811200618744,0.05992342904210091,103.07940220495229
0.284545640150706,-0.05995331207911173,104.39230402829581
0.284545640150706,0.05995331207911173,103.09603161673797
0.2864429255326589,-0.05996576820810636,104.39230402829581
0.2864429255326589,0.05996576820810636,103.09603161673797
0.29026801387468976,-0.05998561531305313,104.38707276030257
0.29026801387468976,0.05998561531305313,103.11236814260178
0.29219581683476764,-0.05999300628900528,104.38707276030257
0.29219581683476764,0.05999300628900528,103.11236814260178
0.2960824171702067,-0.06000261008739471,104.38202047815047
0.2960824171702067,0.06000261008739471,103.12925789742913
0.2980412145455678,-0.060004822909832,104.38202047815047
0.2980412145455678,0.060004822909832,103.12925789742913
0.3014647364616394,-0.06000528732935587,104.37751328924182
0.3014647364616394,0.06000528732935587,103.14377202200136
0.30292946100234985,-0.060003538926442467,104.37751328924182
0.30292946100234985,0.060003538926442467,103.14377202200136
0.30659127235412603,-0.05999482981860637,104.37397425101932
0.30659127235412603,0.05999482981860637,103.15582102339793
0.3102530638376872,-0.059980435917774834,104.3705572485976
0.3102530638376872,0.059980435917774834,103.16775612471378
0.3117177685101827,-0.059973002721865974,104.3705572485976
0.3117177685101827,0.059973002721865974,103.16775612471378
0.3146471679210663,-0.059955375889937074,104.3671727890561
0.3146471679210663,0.059955375889937074,103.17944715442806
0.31611186265945435,-0.05994518225391706,104.3671727890561
0.31611186265945435,0.05994518225391706,103.17944715442806
0.31904123226801556,-0.05992209414641062,104.3638371438349
0.31904123226801556,0.05992209414641062,103.19099174118145
0.32050590713818866,-0.05990919967492422,104.3638371438349
0.32050590713818866,0.05990919967492422,103.19099174118145
0.3234352270762126,-0.059880747149388,104.36059912725433
0.3234352270762126,0.059880747149388,103.2023166634934
0.3248998721440633,-0.05986518909533819,104.36059912725433
0.3248998721440633,0.05986518909533819,103.2023166634934
0.32856144011020666,-0.059822369366884225,104.35749941791462
0.32856144011020666,0.059822369366884225,103.21346259996425
0.33222294847170514,-0.05977436155080795,104.35431021565437
0.33222294847170514,0.05977436155080795,103.22471430079575
0.3336875339349111,-0.05975361540913582,104.35431021565437
0.3336875339349111,0.05975361540913582,103.22471430079575
0.3366166651248932,-0.0597095862030983,104.3514057635959
0.3366166651248932,0.0597095862030983,103.23577074434601
0.3380812108516693,-0.05968630313873292,104.3514057635959
0.3380812108516693,0.05968630313873292,103.23577074434601
0.3410102625687917,-0.059637279560168587,104.34860707589812
0.3410102625687917,0.059637279560168587,103.24677837357596
0.342474768559138,-0.05961153904596964,104.34860707589812
0.342474768559138,0.05961153904596964,103.24677837357596
0.3454037308692932,-0.059557609260082245,104.34574330243991
0.3454037308692932,0.059557609260082245,103.25750125260411
0.3468681871891022,-0.059529419988393784,104.34574330243991
0.3468681871891022,0.059529419988393784,103.25750125260411
0.3505292534828186,-0.05945535935461521,104.3431886863437
0.3505292534828186,0.05945535935461521,103.26797192431066
0.3541902204354604,-0.05937654276688894,104.34051203444668
0.3541902204354604,0.05937654276688894,103.27829615305626
0.35565457741419476,-0.05934359754125277,104.34051203444668
0.35565457741419476,0.05934359754125277,103.27829615305626
0.3585832417011261,-0.059275406102339424,104.3377947039494
0.3585832417011261,0.059275406102339424,103.28870987472244
0.3600475490093231,-0.05924015988906225,104.3377947039494
0.3600475490093231,0.05924015988906225,103.28870987472244
0.36297610402107233,-0.059167373925447464,104.33537839509405
0.36297610402107233,0.059167373925447464,103.29878189614644
0.3644403517246246,-0.059129834175109856,104.33537839509405
0.3644403517246246,0.059129834175109856,103.29878189614644
0.36736879746119183,-0.05905253564318021,104.33309225775952
0.36736879746119183,0.05905253564318021,103.30880510325015
0.36883299549420673,-0.05901277686158816,104.33309225775952
0.36883299549420673,0.05901277686158816,103.30880510325015
0.37249337136745453,-0.05891007743775844,104.3308712061854
0.37249337136745453,0.05891007743775844,103.31906424623533
0.3761536180973053,-0.05880297472079595,104.32856879741078
0.3761536180973053,0.05880297472079595,103.32889219605781
0.3776176869869232,-0.058758812646071114,104.32856879741078
0.3776176869869232,0.058758812646071114,103.32889219605781
0.3805457552274068,-0.058668382465839386,104.3263070672364
0.3805457552274068,0.058668382465839386,103.33867946728
0.3820097545782725,-0.05862211436033249,104.3263070672364
0.3820097545782725,0.05862211436033249,103.33867946728
0.38493768374125165,-0.0585274671514829,104.32422432290316
0.38493768374125165,0.0585274671514829,103.3481982597405
0.38640161355336505,-0.058479088048140206,104.32422432290316
0.38640161355336505,0.058479088048140206,103.3481982597405
0.3893294036388397,-0.058380285898844406,104.3219788641689
0.3893294036388397,0.058380285898844406,103.35772518792103
0.3907932639122009,-0.05832986285289129,104.3219788641689
0.3907932639122009,0.05832986285289129,103.35772518792103
0.3944528102874756,-0.058200754225254066,104.31994493415597
0.3944528102874756,0.058200754225254066,103.36743110194271
0.3981122076511383,-0.05806758378942808,104.31795981846335
0.3981122076511383,0.05806758378942808,103.37660005844099
0.3995759189128876,-0.058013098935286195,104.31795981846335
0.3995759189128876,0.058013098935286195,103.37660005844099
0.40250327189763385,-0.057902190834283836,104.3162675886926
0.40250327189763385,0.057902190834283836,103.38577715065931
0.4039669136206309,-0.057845767587423325,104.3162675886926
0.4039669136206309,0.057845767587423325,103.38577715065931
0.4068941275278727,-0.057730949173370995,104.31440450880076
0.4068941275278727,0.057730949173370995,103.39491356427736
0.40835769971211744,-0.057672554006179176,104.31440450880076
0.40835769971211744,0.057672554006179176,103.39491356427736
0.41128475467363995,-0.05755387991666794,104.31253329318886
0.41128475467363995,0.05755387991666794,103.4039360778147
0.41274823745091754,-0.05749360099434852,104.31253329318886
0.41274823745091754,0.05749360099434852,103.4039360778147
0.41640684008598333,-0.05734006315469741,104.3107597062176
0.41640684008598333,0.05734006315469741,103.41301554139241
0.42006529370943707,-0.05718279381593069,104.30881526912523
0.42006529370943707,0.05718279381593069,103.42189974768887
0.42152862747510267,-0.057118783394495644,104.30881526912523
0.42152862747510267,0.057118783394495644,103.42189974768887
0.424455205599467,-0.05698894212643305,104.30726948231542
0.424455205599467,0.05698894212643305,103.43067818962466
0.42591844995816547,-0.056923111279805504,104.30726948231542
0.42591844995816547,0.056923111279805504,103.43067818962466
0.4288448592027028,-0.05678963412841161,104.3058701384665
0.4288448592027028,0.05678963412841161,103.43967629600183
0.4303080240885417,-0.05672198782364527,104.3058701384665
0.4303080240885417,0.05672198782364527,103.43967629600183
0.4332342743873596,-0.056584954261779785,104.30439757313717
0.4332342743873596,0.056584954261779785,103.44826761637644
0.43469735980033875,-0.056515567004680634,104.30439757313717
0.43469735980033875,0.056515567004680634,103.44826761637644
0.438354954123497,-0.0563394520431757,104.30271347908646
0.438354954123497,0.0563394520431757,103.45659859370939
0.4420123795668285,-0.05615986262758573,104.30119209943679
0.4420123795668285,0.05615986262758573,103.46522245696418
0.44347529609998065,-0.05608700091640154,104.30119209943679
0.44347529609998065,0.05608700091640154,103.46522245696418
0.44640103975931805,-0.055939568827549614,104.29984970562828
0.44640103975931805,0.055939568827549614,103.4738300487789
0.44786386688550317,-0.055864998449881874,104.29984970562828
0.44786386688550317,0.055864998449881874,103.4738300487789
0.45078944166501367,-0.055714202423890434,104.29844222605934
0.45078944166501367,0.055714202423890434,103.48216102611183
0.45225218931833905,-0.055637976775566735,104.29844222605934
0.45225218931833905,0.055637976775566735,103.48216102611183
0.45517759521802265,-0.05548389876882235,104.2969615250099
0.45517759521802265,0.05548389876882235,103.49023166040313
0.4566402534643809,-0.055406046410401665,104.2969615250099
0.4566402534643809,0.055406046410401665,103.49023166040313
0.46029676496982574,-0.05520896241068841,104.2957330312821
0.46029676496982574,0.05520896241068841,103.49849755197565
0.46395309766133624,-0.05500863865017891,104.29458589475482
0.46395309766133624,0.05500863865017891,103.50664954346746
0.4654155770937602,-0.054927546530962,104.29458589475482
0.4654155770937602,0.054927546530962,103.50664954346746
0.4683404564857483,-0.05476377656062444,104.29334112958692
0.4683404564857483,0.05476377656062444,103.51446797043714
0.4698028564453125,-0.05468109870950381,104.29334112958692
0.4698028564453125,0.05468109870950381,103.51446797043714
0.4727275570233663,-0.054514214396476746,104.29208822869894
0.4727275570233663,0.054514214396476746,103.52257114760864
0.4741898576418559,-0.05443000793457031,104.29208822869894
0.4741898576418559,0.05443000793457031,103.52257114760864
0.47711437940597534,-0.05426006888349851,104.2909166850115
0.47711437940597534,0.05426006888349851,103.5307150033804
0.4785766005516052,-0.05417433629433314,104.2909166850115
0.4785766005516052,0.05417433629433314,103.5307150033804
0.4822320193052292,-0.05395769886672497,104.28987531284487
0.4822320193052292,0.05395769886672497,103.53859038039045
0.48588724931081134,-0.0537380613386631,104.28895597647903
0.48588724931081134,0.0537380613386631,103.5462949072794
0.4873492817083995,-0.05364932864904404,104.28895597647903
0.4873492817083995,0.05364932864904404,103.5462949072794
0.49027326703071594,-0.053470365703105927,104.2878332471119
0.49027326703071594,0.053470365703105927,103.55395875556812
0.49173521995544434,-0.05338013544678689,104.2878332471119
0.49173521995544434,0.05338013544678689,103.55395875556812
0.4946590264638265,-0.05319824814796448,104.2866047533841
0.4946590264638265,0.05319824814796448,103.56165514673702
0.4961208800474803,-0.05310659110546112,104.2866047533841
0.4961208800474803,0.05310659110546112,103.56165514673702
0.49904449780782056,-0.052921857684850686,104.28561219553778
0.49904449780782056,0.052921857684850686,103.56934340218588
0.5005062619845072,-0.05282878130674362,104.28561219553778
0.5005062619845072,0.05282878130674362,103.56934340218588
0.5041605532169342,-0.052593868225812905,104.28468472345189
0.5041605532169342,0.052593868225812905,103.57688521467381
0.5078146656354269,-0.0523561363418897,104.28396878008733
0.5078146656354269,0.0523561363418897,103.58442702716174
0.5092762509981791,-0.05226024116079012,104.28396878008733
0.5092762509981791,0.05226024116079012,103.58442702716174
0.512199322382609,-0.05206704636414846,104.28294367936083
0.512199322382609,0.05206704636414846,103.59209901117049
0.5136608084042867,-0.05196974674860636,104.28294367936083
0.5136608084042867,0.05196974674860636,103.59209901117049
0.5165837009747823,-0.051773812621831894,104.28194298579447
0.5165837009747823,0.051773812621831894,103.5995431950178
0.5180451075236002,-0.05167517811059952,104.28194298579447
0.5180451075236002,0.05167517811059952,103.5995431950178
0.5209678411483765,-0.05147655432422956,104.2811619566695
0.5209678411483765,0.05147655432422956,103.60682466446407
0.5224291682243347,-0.05137656504909197,104.2811619566695
0.5224291682243347,0.05137656504909197,103.60682466446407
0.526082307100296,-0.05112461559474468,104.28035652038439
0.526082307100296,0.05112461559474468,103.61402477670983
0.5304658114910126,-0.05081873200833797,104.27948599833886
0.5304658114910126,0.05081873200833797,103.62139573907668
0.5341185530026754,-0.050560884177684784,104.27881073357456
0.5341185530026754,0.050560884177684784,103.62876670144351
0.5355796019236246,-0.05045695975422859,104.27881073357456
0.5355796019236246,0.05045695975422859,103.62876670144351
0.5385016004244486,-0.0502478318909804,104.27798089012929
0.5385016004244486,0.0502478318909804,103.63573901352783
0.5399625500043234,-0.05014262845118841,104.27798089012929
0.5399625500043234,0.05014262845118841,103.63573901352783
0.542884349822998,-0.04993097732464472,104.27714291096396
0.542884349822998,0.04993097732464472,103.64292285433348
0.5443452000617981,-0.04982452963789304,104.27714291096396
0.5443452000617981,0.04982452963789304,103.64292285433348
0.5479972064495087,-0.049556545913219445,104.27653273196009
0.5479972064495087,0.049556545913219445,103.64991957357795
0.5523793697357178,-0.04923161491751671,104.27579238143538
0.5523793697357178,0.04923161491751671,103.65690815710235
0.5560309489568075,-0.04895804822444916,104.27506016663072
0.5560309489568075,0.04895804822444916,103.66412454078821
0.5574915210405985,-0.048847876489162445,104.27506016663072
0.5574915210405985,0.048847876489162445,103.66412454078821
0.560412585735321,-0.04862635210156441,104.27439303758649
0.560412585735321,0.04862635210156441,103.67107244571237
0.5618730783462524,-0.04851499944925308,104.27439303758649
0.5618730783462524,0.04851499944925308,103.67107244571237
0.5647939642270406,-0.048291114469369255,104.27399438730396
0.5647939642270406,0.048291114469369255,103.67794712915605
0.5662543574968973,-0.048178582141796746,104.27399438730396
0.5662543574968973,0.048178582141796746,103.67794712915605
0.5691750645637512,-0.04795228938261668,104.27355505842117
0.5691750645637512,0.04795228938261668,103.68485435547994
0.5706353783607483,-0.04783852895100912,104.27355505842117
0.5706353783607483,0.04783852895100912,103.68485435547994
0.5742860138416289,-0.047552408650517464,104.2727577578561
0.5742860138416289,0.047552408650517464,103.6915825959627
0.5779364705085754,-0.04726400847236315,104.27233470041341
0.5779364705085754,0.04726400847236315,103.69841660080614
0.5793966054916382,-0.04714796816309293,104.27233470041341
0.5793966054916382,0.04714796816309293,103.69841660080614
0.5823167761166891,-0.04691473270455996,104.27167570708922
0.5823167761166891,0.04691473270455996,103.70539704861051
0.5837768117586771,-0.04679753755529722,104.27167570708922
0.5837768117586771,0.04679753755529722,103.70539704861051
0.5866967837015787,-0.046562006076176964,104.27114688528586
0.5866967837015787,0.046562006076176964,103.71205206761279
0.5881567200024923,-0.04644366974631945,104.27114688528586
0.5881567200024923,0.04644366974631945,103.71205206761279
0.5910765131314596,-0.04620589315891266,104.2708702708041
0.5910765131314596,0.04620589315891266,103.71868267945493
0.5925363699595133,-0.04608645290136337,104.2708702708041
0.5925363699595133,0.04608645290136337,103.71868267945493
0.5961858630180358,-0.04578620567917824,104.27014619171949
0.5961858630180358,0.04578620567917824,103.72548414141815
0.5998351573944092,-0.04548375805219015,104.26961736991613
0.5998351573944092,0.04548375805219015,103.73218797474075
0.6012948155403137,-0.0453621173898379,104.26961736991613
0.6012948155403137,0.0453621173898379,103.73218797474075
0.6042140523592631,-0.04511772841215134,104.26944651979505
0.6042140523592631,0.04511772841215134,103.73878604370267
0.605673631032308,-0.04499498009681702,104.26944651979505
0.605673631032308,0.04499498009681702,103.73878604370267
0.608592708905538,-0.04474842796723048,104.26908854811278
0.608592708905538,0.04474842796723048,103.7455386913456
0.610052208105723,-0.044624624152978264,104.26908854811278
0.610052208105723,0.044624624152978264,103.7455386913456
0.6129710872968038,-0.04437594612439474,104.26864921922999
0.6129710872968038,0.04437594612439474,103.75213676030754
0.6144304672876993,-0.04425107191006342,104.26864921922999
0.6144304672876993,0.04425107191006342,103.75213676030754
0.6180788278579712,-0.04393726214766503,104.2682749761076
0.6180788278579712,0.04393726214766503,103.7586127934687
0.6217270096143087,-0.04362134511272113,104.26787632582507
0.6217270096143087,0.04362134511272113,103.76507255518975
0.6231862107912699,-0.04349436362584432,104.26787632582507
0.6231862107912699,0.04349436362584432,103.76507255518975
0.6261045336723328,-0.04323936998844147,104.2675671684631
0.6261045336723328,0.04323936998844147,103.77149977403059
0.6275636553764342,-0.04311135783791542,104.2675671684631
0.6275636553764342,0.04311135783791542,103.77149977403059
0.6304818193117777,-0.04285430163145065,104.26715224674047
0.6304818193117777,0.04285430163145065,103.77817106447299
0.6319408615430198,-0.042725257575511925,104.26715224674047
0.6319408615430198,0.042725257575511925,103.77817106447299
0.6348588466644287,-0.04246613631645838,104.26687563225872
0.6348588466644287,0.04246613631645838,103.7847203191146
0.636317789554596,-0.04233605911334356,104.26687563225872
0.636317789554596,0.04233605911334356,103.7847203191146
0.6399649977684021,-0.04200933687388897,104.26671291785767
0.6399649977684021,0.04200933687388897,103.79103363787472
0.6436120271682739,-0.04168061291178068,104.26644443909598
0.6436120271682739,0.04168061291178068,103.79742831383537
0.6450707912445068,-0.04154853398601214,104.26644443909598
0.6450707912445068,0.04154853398601214,103.79742831383537
0.6479882399241129,-0.04128336409727732,104.26602138165329
0.6479882399241129,0.04128336409727732,103.80390434699652
0.6494469245274862,-0.04115027313431104,104.26602138165329
0.6494469245274862,0.04115027313431104,103.80390434699652
0.652364174524943,-0.04088310276468595,104.26593188873272
0.652364174524943,0.04088310276468595,103.81033970155742
0.6538227399190267,-0.04074902335802714,104.26593188873272
0.6538227399190267,0.04074902335802714,103.81033970155742
0.6567397912343343,-0.04047985995809237,104.26572036001137
0.6567397912343343,0.04047985995809237,103.81675064895816
0.6581982771555582,-0.040344775964816414,104.26572036001137
0.6581982771555582,0.040344775964816414,103.81675064895816
0.6618443727493286,-0.04000563360750676,104.26540306692935
0.6618443727493286,0.04000563360750676,103.8231615963589
0.6662194430828094,-0.03959607891738415,104.2653786597692
0.6662194430828094,0.03959607891738415,103.82946677939897
0.6698651115099589,-0.039252584179242454,104.26529730256868
0.6698651115099589,0.039252584179242454,103.83575569099894
0.671323319276174,-0.03911458576718966,104.26529730256868
0.671323319276174,0.03911458576718966,103.83575569099894
0.6742396553357443,-0.038837643961111695,104.26515085960776
0.6742396553357443,0.038837643961111695,103.8422805384804
0.6756977836290995,-0.03869870056708653,104.26515085960776
0.6756977836290995,0.03869870056708653,103.8422805384804
0.6786139408747355,-0.038419863830010094,104.26503695952702
0.6786139408747355,0.038419863830010094,103.84882165740197
0.6800719698270162,-0.038279970486958824,104.26503695952702
0.6800719698270162,0.038279970486958824,103.84882165740197
0.6829879482587179,-0.037999248752991356,104.26493119516635
0.6829879482587179,0.037999248752991356,103.85500480464127
0.6844458977381388,-0.03785842036207517,104.26493119516635
0.6844458977381388,0.03785842036207517,103.85500480464127
0.6880906224250793,-0.03750489465892315,104.26456508776403
0.6880906224250793,0.03750489465892315,103.8612123590407
0.6917351682980856,-0.037149482717116676,104.26464644496454
0.6917351682980856,0.037149482717116676,103.86768025648182
0.6931929389635721,-0.03700676808754603,104.26464644496454
0.6931929389635721,0.03700676808754603,103.86768025648182
0.6961083809534708,-0.03672041123112043,104.26473593788512
0.6961083809534708,0.03672041123112043,103.87393662520158
0.6975660522778829,-0.036576769004265465,104.26473593788512
0.6975660522778829,0.036576769004265465,103.87393662520158
0.7004812955856323,-0.0362885445356369,104.2646708521247
0.7004812955856323,0.0362885445356369,103.88020112964139
0.7019388675689697,-0.03614396229386329,104.2646708521247
0.7019388675689697,0.03614396229386329,103.88020112964139
0.7048539121945699,-0.035853851586580276,104.26457322348408
0.7048539121945699,0.035853851586580276,103.88663648420228
0.7063113848368326,-0.03570832312107086,104.26457322348408
0.7063113848368326,0.03570832312107086,103.88663648420228
0.7099549472332001,-0.035343168303370476,104.26455695204398
0.7099549472332001,0.035343168303370476,103.8929009886421
0.713598350683848,-0.03497620796163877,104.26453254488382
0.713598350683848,0.03497620796163877,103.89922244312227
0.7150556643803915,-0.03482887397209803,104.26453254488382
0.7150556643803915,0.03482887397209803,103.89922244312227
0.7179701725641886,-0.0345333032310009,104.26471153072495
0.7179701725641886,0.0345333032310009,103.90557644048263
0.7194273670514425,-0.034385066479444504,104.26471153072495
0.7194273670514425,0.034385066479444504,103.90557644048263
0.7223416765530905,-0.034087639302015305,104.2649067880062
0.7223416765530905,0.034087639302015305,103.91184094492246
0.7237987915674845,-0.0339384488761425,104.2649067880062
0.7237987915674845,0.0339384488761425,103.91184094492246
0.7267129222551981,-0.03363918513059616,104.26463830924449
0.7267129222551981,0.03363918513059616,103.91830070664349
0.7281699379285177,-0.03348911181092262,104.26463830924449
0.7281699379285177,0.03348911181092262,103.91830070664349
0.7318123579025269,-0.033112552016973495,104.26478475220543
0.7318123579025269,0.033112552016973495,103.92478487552472
0.7361830174922943,-0.03265824541449547,104.26516713104786
0.7361830174922943,0.03265824541449547,103.93118768720541
0.7398250102996826,-0.03227761139472326,104.2653786597692
0.7398250102996826,0.03227761139472326,103.93752541312568
0.7412817478179932,-0.03212479750315348,104.2653786597692
0.7412817478179932,0.03212479750315348,103.93752541312568
0.7441951235135397,-0.03181832283735275,104.26541933836945
0.7441951235135397,0.03181832283735275,103.94393636052642
0.7456517616907755,-0.031664662063121796,104.26541933836945
0.7456517616907755,0.031664662063121796,103.94393636052642
0.7485649585723877,-0.031356399257977806,104.26549255984992
0.7485649585723877,0.031356399257977806,103.95021713640634
0.7500215172767638,-0.03120179722706477,104.26549255984992
0.7500215172767638,0.03120179722706477,103.95021713640634
0.7536627352237701,-0.030813971534371376,104.26594816017281
0.7536627352237701,0.030813971534371376,103.95670130528755
0.7580319344997406,-0.030346198938786983,104.26611087457385
0.7580319344997406,0.030346198938786983,103.96325869564923
0.7616727352142334,-0.029954376940925915,104.2663874890556
0.7616727352142334,0.029954376940925915,103.96978354313069
0.7631289958953857,-0.029797103876868885,104.2663874890556
0.7631289958953857,0.029797103876868885,103.96978354313069
0.7660414179166158,-0.029481645673513412,104.26676986789803
0.7660414179166158,0.029481645673513412,103.97626771201189
0.7674975792566935,-0.029323460534214973,104.26676986789803
0.7674975792566935,0.029323460534214973,103.97626771201189
0.7704098224639893,-0.029006222262978554,104.26686749653867
0.7704098224639893,0.029006222262978554,103.9827681523332
0.7718659043312073,-0.028847169131040573,104.26686749653867
0.7718659043312073,0.028847169131040573,103.9827681523332
0.7747779488563538,-0.02852817562719186,104.26710343242016
0.7747779488563538,0.02852817562719186,103.98928486409461
0.7762339115142822,-0.02836823525528113,104.26710343242016
0.7762339115142822,0.02836823525528113,103.98928486409461
0.7798736989498138,-0.02796706184744835,104.26776242574435
0.7798736989498138,0.02796706184744835,103.99584225445629
0.7835132877031962,-0.027564091607928276,104.26826684038755
0.7835132877031962,0.027564091607928276,104.00257049493905
0.7849690516789755,-0.027402354404330254,104.26826684038755
0.7849690516789755,0.027402354404330254,104.00257049493905
0.7878804802894592,-0.027077963575720787,104.26838887618833
0.7878804802894592,0.027077963575720787,104.00918483534107
0.7893361449241638,-0.026915309950709343,104.26838887618833
0.7893361449241638,0.026915309950709343,104.00918483534107
0.7922473947207133,-0.026589134708046917,104.2689176979917
0.7922473947207133,0.026589134708046917,104.01575849714285
0.7937029798825582,-0.026425613090395927,104.2689176979917
0.7937029798825582,0.026425613090395927,104.01575849714285
0.7966140309969584,-0.026097694411873817,104.26954414843567
0.7966140309969584,0.026097694411873817,104.02241351614515
0.7980694969495138,-0.025933297351002693,104.26954414843567
0.7980694969495138,0.025933297351002693,104.02241351614515
0.8017080128192902,-0.02552094217389822,104.27005669879892
0.8017080128192902,0.02552094217389822,104.02923124954847
0.8060739636421203,-0.02502364665269852,104.27058552060228
0.8060739636421203,0.02502364665269852,104.03613847587238
0.8097120324770609,-0.024607211972276374,104.27124451392648
0.8097120324770609,0.024607211972276374,104.0429562092757
0.8111672004063925,-0.024440114696820576,104.27124451392648
0.8111672004063925,0.024440114696820576,104.0429562092757
0.8140774369239806,-0.02410502793888251,104.27191977869077
0.8140774369239806,0.02410502793888251,104.04983089271938
0.8155325055122375,-0.023937038456400234,104.27191977869077
0.8155325055122375,0.023937038456400234,104.04983089271938
0.8184425234794617,-0.023600127547979355,104.27238351473372
0.8184425234794617,0.023600127547979355,104.05680320480369
0.819897472858429,-0.02343120612204075,104.27238351473372
0.819897472858429,0.02343120612204075,104.05680320480369
0.8235347270965577,-0.02300760429352522,104.27311572953835
0.8235347270965577,0.02300760429352522,104.06376738116795
0.8278991281986237,-0.022496813908219337,104.27401065874406
0.8278991281986237,0.022496813908219337,104.07087800049314
0.8315358757972717,-0.022069067383805912,104.2747591449888
0.8315358757972717,0.022069067383805912,104.07802929841858
0.8329905271530151,-0.02189743084212144,104.2747591449888
0.8329905271530151,0.02189743084212144,104.07802929841858
0.8358997106552124,-0.021553263689080875,104.27557271699398
0.8358997106552124,0.021553263689080875,104.08510737486357
0.8373542428016663,-0.021380733077724774,104.27557271699398
0.8373542428016663,0.021380733077724774,104.08510737486357
0.8402631878852844,-0.02103473370273908,104.27660595344055
0.8402631878852844,0.02103473370273908,104.09236443714968
0.8417176008224487,-0.020861264939109482,104.27660595344055
0.8417176008224487,0.020861264939109482,104.09236443714968
0.8446263273557028,-0.020513411611318588,104.27743579688583
0.8446263273557028,0.020513411611318588,104.09976794239674
0.8460806409517924,-0.020339027047157288,104.27743579688583
0.8460806409517924,0.020339027047157288,104.09976794239674
0.8497162759304047,-0.019901721738278866,104.27842835473213
0.8497162759304047,0.019901721738278866,104.10710636188337
0.8533516724904379,-0.019462586070100468,104.27950226977896
0.8533516724904379,0.019462586070100468,104.11446918853017
0.8548057476679484,-0.019286371146639187,104.27950226977896
0.8548057476679484,0.019286371146639187,104.11446918853017
0.8577137986818949,-0.018932998180389404,104.28037279182449
0.8577137986818949,0.018932998180389404,104.12198659385794
0.8591677745183309,-0.0187558401376009,104.28037279182449
0.8591677745183309,0.0187558401376009,104.12198659385794
0.8620756268501282,-0.01840061880648136,104.2816338284325
0.8620756268501282,0.01840061880648136,104.12963417070654
0.8635295033454895,-0.01822255551815033,104.2816338284325
0.8635295033454895,0.01822255551815033,104.12963417070654
0.8664371172587076,-0.017865469058354694,104.28290300076057
0.8664371172587076,0.017865469058354694,104.13731429043534
0.8678908546765646,-0.017686445886890095,104.28290300076057
0.8678908546765646,0.017686445886890095,104.13731429043534
0.8715250492095948,-0.017237461172044277,104.28411522304826
0.8715250492095948,0.017237461172044277,104.14502695304436
0.875885784626007,-0.016696158796548843,104.28551456689716
0.875885784626007,0.016696158796548843,104.15275588709348
0.8795194625854492,-0.016242940599719684,104.28703594654685
0.8795194625854492,0.016242940599719684,104.16068007842384
0.8809728622436523,-0.016061063235004742,104.28703594654685
0.8809728622436523,0.016061063235004742,104.16068007842384
0.8838795224825541,-0.01569636104007562,104.28852478331629
0.8838795224825541,0.01569636104007562,104.16871816983492
0.8853327830632528,-0.015513536209861437,104.28852478331629
0.8853327830632528,0.015513536209861437,104.16871816983492
0.8882392048835754,-0.01514696547140678,104.29000548436571
0.8882392048835754,0.01514696547140678,104.17670744692569
0.8896923661231995,-0.0149632195631663,104.29000548436571
0.8896923661231995,0.0149632195631663,104.17670744692569
0.892598569393158,-0.014594730300207933,104.29169771413646
0.892598569393158,0.014594730300207933,104.18479435265708
0.8940516114234925,-0.014409986945490042,104.29169771413646
0.8940516114234925,0.014409986945490042,104.18479435265708
0.8976840078830719,-0.013946634717285633,104.29347130110773
0.8976840078830719,0.013946634717285633,104.19304397278951
0.9013161460558573,-0.013481302186846733,104.29547268824045
0.9013161460558573,0.013481302186846733,104.20142376444277
0.9027689297993978,-0.013294578529894352,104.29547268824045
0.9027689297993978,0.013294578529894352,104.20142376444277
0.9056743582089742,-0.012920167918006577,104.29750661825338
0.9056743582089742,0.012920167918006577,104.20988491329653
0.9071270028750101,-0.012732480963071188,104.29750661825338
0.9071270028750101,0.012732480963071188,104.20988491329653
0.9100321729977926,-0.01235613444199165,104.29949173394598
0.9100321729977926,0.01235613444199165,104.21839487647061
0.9114846984545389,-0.012167474875847498,104.29949173394598
0.9114846984545389,0.012167474875847498,104.21839487647061
0.9143896301587423,-0.011789168541630108,104.3016802426399
0.9143896301587423,0.011789168541630108,104.22699433256527
0.9158420364061991,-0.011599521773556868,104.3016802426399
0.9158420364061991,0.011599521773556868,104.22699433256527
0.9194728434085845,-0.011123810894787312,104.30401519429473
0.9194728434085845,0.011123810894787312,104.2357320959008
0.9238294363021851,-0.010550231207162142,104.30661862471128
0.9238294363021851,0.010550231207162142,104.24458375931705
0.9274596174558004,-0.010070016607642174,104.30922205512782
0.9274596174558004,0.010070016607642174,104.25350864421377
0.9289116064707439,-0.00987731758505106,104.30922205512782
0.9289116064707439,0.00987731758505106,104.25350864421377
0.9318154652913412,-0.009490902225176493,104.31194752134515
0.9318154652913412,0.009490902225176493,104.262514886311
0.9332673350969949,-0.009297185887893042,104.31194752134515
0.9332673350969949,0.009297185887893042,104.262514886311
0.9361709356307983,-0.008908689022064209,104.31506350212494
0.9361709356307983,0.008908689022064209,104.27158621416865
0.9376226663589478,-0.00871390849351883,104.31506350212494
0.9376226663589478,0.00871390849351883,104.27158621416865
0.9405259688695272,-0.008323331363499165,104.3184072830662
0.9405259688695272,0.008323331363499165,104.28078771354713
0.9419775406519572,-0.00812753476202488,104.3184072830662
0.9419775406519572,0.00812753476202488,104.28078771354713
0.9456062912940979,-0.007636439986526966,104.32193818556864
0.9456062912940979,0.007636439986526966,104.29007870584617
0.9492347637812296,-0.007143237628042698,104.32567248107237
0.9492347637812296,0.007143237628042698,104.29944291962568
0.9506860574086508,-0.006945333443582058,104.32567248107237
0.9506860574086508,0.006945333443582058,104.29944291962568
0.9535885055859884,-0.006548454674581687,104.32971593393806
0.9535885055859884,0.006548454674581687,104.30892103348592
0.9550396601359049,-0.006349480090041955,104.32971593393806
0.9550396601359049,0.006349480090041955,104.30892103348592
0.9579418102900187,-0.005950466729700565,104.33406040844568
0.9579418102900187,0.005950466729700565,104.3184560973865
0.9593928058942159,-0.005750427953898907,104.33406040844568
0.9593928058942159,0.005750427953898907,104.3184560973865
0.9622946580251058,-0.005349252838641405,104.33886861899623
0.9622946580251058,0.005349252838641405,104.32798302556705
0.9637455145517985,-0.005148116499185562,104.33886861899623
0.9637455145517985,0.005148116499185562,104.32798302556705
0.9673724174499512,-0.004643684718757868,104.34418937991005
0.9673724174499512,0.004643684718757868,104.33764012526842
0.9717243015766144,-0.004035414778627455,104.34981116246577
0.9717243015766144,0.004035414778627455,104.34737858217031
0.975350538889567,-0.0035259988314161697,104.35627905990687
0.975350538889567,0.0035259988314161697,104.3571333105123
0.9768009384473164,-0.0033215573833634457,104.35627905990687
0.9768009384473164,0.0033215573833634457,104.3571333105123
0.979701578617096,-0.002911607579638561,104.3635523936331
0.979701578617096,0.002911607579638561,104.36684736025404
0.9811518192291259,-0.0027060992239663997,104.3635523936331
0.9811518192291259,0.0027060992239663997,104.36684736025404
0.9840521216392517,-0.0022939245294158663,104.37175319944521
0.9840521216392517,0.0022939245294158663,104.37658581715593
0.9855021834373474,-0.0020872581905374923,104.37175319944521
0.9855021834373474,0.0020872581905374923,104.37658581715593
0.9884021679560343,-0.0016727991945420702,104.3809709702638
0.9884021679560343,0.0016727991945420702,104.3860232524159
0.9898520906766256,-0.0014650065374250212,104.3809709702638
0.9898520906766256,0.0014650065374250212,104.3860232524159
0.9934766292572021,-0.0009437983972020447,104.39245047125674
0.9934766292572021,0.0009437983972020447,104.3960301880795
0.9978256225585936,-0.0003151914570480668,104.40461337273403
0.9978256225585938,0.0003151914570480502,104.39824310393355
