x_over_h,Cf_Spalding,Cf_ML,Cf_ML_newGrid,Cf_Spalding_newGrid,Cf_Classifier_newGrid
0.000000000000000000e+00,1.843199433333332984e-02,1.281112466666666470e-02,3.993997445211110858e-02,2.437414754539999825e-02,3.935365463826666355e-02
2.678464319642857916e+00,1.871539108458333822e-02,1.070370179578735738e-02,3.846306911566509806e-02,2.456353483516549030e-02,3.778786751374144104e-02
5.353663143392857648e+00,1.901732356229127868e-02,8.729644497612527518e-03,3.710036892490327365e-02,2.501214173739612148e-02,3.635138561303678795e-02
8.010580127321432542e+00,1.809983664771135092e-02,2.232482033501808575e-03,3.080021179245576862e-02,2.364127076971830541e-02,2.981308047086578261e-02
1.061450204517857365e+01,1.536196735220227670e-02,-5.846503902767754071e-03,1.974534278830053502e-02,1.975163880897497573e-02,1.892743358301642378e-02
1.312647218267857774e+01,1.156890995934494078e-02,-7.594029930765680211e-03,8.562817391627107824e-03,1.358525812363447702e-02,8.340867320525217551e-03
1.553244542553571605e+01,7.903736701208989926e-03,-6.493403915950090102e-03,1.875004310383988036e-03,7.782018411192491436e-03,1.788844972140876417e-03
1.784582381660714034e+01,4.989925098565500469e-03,-5.110625853087194352e-03,-1.329880272015927008e-03,3.116650146008738409e-03,-1.417305476973065425e-03
2.009116427732142895e+01,2.678345223817284529e-03,-4.066275975123786676e-03,-1.801087095407756175e-03,4.532461383998027168e-04,-1.893905511602241238e-03
2.229527177732143528e+01,4.810686970386781561e-04,-3.236549509896817067e-03,-1.640538428784754860e-03,-5.880065420789075533e-04,-1.712619456674198968e-03
2.448455781125000286e+01,-3.570301499119679189e-04,-2.536195358331479275e-03,-1.467763647559677722e-03,-9.340956150983113901e-04,-1.509685966150049480e-03
2.667852838089284973e+01,-7.022582849241972838e-04,-2.076650926117081658e-03,-1.337873454529595442e-03,-1.081756276048680349e-03,-1.374543072029941462e-03
2.888510815589285841e+01,-8.173247946557137596e-04,-1.856552475829778386e-03,-1.272265487217864649e-03,-1.188240929213350708e-03,-1.311444700520051623e-03
3.110597599875000441e+01,-8.750373746247613925e-04,-1.799442901977151227e-03,-1.269767939498015396e-03,-1.275626600277691243e-03,-1.300599553063854419e-03
3.334121031839285365e+01,-9.122275861077855071e-04,-1.860027190896574364e-03,-1.310962494785949776e-03,-1.310353691897262352e-03,-1.324394006750908214e-03
3.558988525232142308e+01,-9.355915014490448793e-04,-1.989533222264913866e-03,-1.385351420084592923e-03,-1.307438399467633844e-03,-1.374280739587979694e-03
3.785125368089284592e+01,-9.538943552035916359e-04,-2.127274005556305594e-03,-1.473305902302516398e-03,-1.305492957568369543e-03,-1.436973077421490903e-03
4.012903353803570639e+01,-9.532362423515560249e-04,-2.279592611149543722e-03,-1.562542320944301398e-03,-1.318984306196733158e-03,-1.501463963600196136e-03
4.243255716303571035e+01,-9.409981285888000544e-04,-2.217748257161849829e-03,-1.643726274315406629e-03,-1.333730715393340472e-03,-1.561901949553619632e-03
4.477327846660713817e+01,-9.040919899045480766e-04,-2.156588728055096327e-03,-1.712335222496350062e-03,-1.328130237942962708e-03,-1.617412764983799760e-03
4.716365859160713114e+01,-8.685534455963454022e-04,-2.092194020977327859e-03,-1.761984050443252950e-03,-1.301060776454434536e-03,-1.642239176716552397e-03
4.961736484160711314e+01,-8.272542944210693706e-04,-1.964389673761930341e-03,-1.803422137459060898e-03,-1.259554636567199529e-03,-1.670360853952752118e-03
5.214662794875001595e+01,-7.877878308332077585e-04,-1.828847621135981606e-03,-1.843303582006941251e-03,-1.213896418940086513e-03,-1.702653429062752927e-03
5.475846737732143765e+01,-7.507757857963186059e-04,-1.688368277574230948e-03,-1.884181836044041469e-03,-1.166958630979582877e-03,-1.741211091648327269e-03
5.745604068089283345e+01,-7.158232501291107632e-04,-1.535440085210854110e-03,-1.927499339557566579e-03,-1.117469436194379285e-03,-1.790341332975185600e-03
6.024116964517858008e+01,-6.831444374173103844e-04,-1.382902778502223496e-03,-1.980025992551268446e-03,-1.062402721492260735e-03,-1.851760998071232903e-03
6.311406748446427883e+01,-6.549701094551338117e-04,-1.289428131479666579e-03,-2.054872064443169239e-03,-9.988977586997006136e-04,-1.946725750635876868e-03
6.607289318089286212e+01,-6.305849526676551636e-04,-1.387846033771310272e-03,-2.187062120372195752e-03,-9.250598701686409131e-04,-2.110133392813866218e-03
6.908727859160714502e+01,-6.002002195152186716e-04,-1.840632581382357436e-03,-2.406851686895387140e-03,-8.265171377927674591e-04,-2.381242828972614505e-03
7.210323444875000121e+01,-5.533203666666666959e-04,-2.267379666666667105e-03,-2.573749090033397146e-03,-6.832534742802282490e-04,-2.611711928911219713e-03
7.509706127017857114e+01,-4.921309666666665462e-04,-2.561132333333332976e-03,-2.667440021511366562e-03,-5.054577489884135629e-04,-2.765204714158588876e-03
7.807133121660712050e+01,-4.242562666666668011e-04,-2.788501000000000087e-03,-2.709951021860669898e-03,-3.017744582723406359e-04,-2.862141762522544142e-03
8.102822196660713416e+01,-3.533561999999999966e-04,-2.960159000000000835e-03,-2.719686503180095919e-03,-8.287454529631470062e-05,-2.916037959331114777e-03
8.396960641303573425e+01,-2.819378000000000639e-04,-3.090779333333334121e-03,-2.707997025722354550e-03,1.431789651312352835e-04,-2.941188820596199027e-03
8.689710714517855195e+01,-2.113205266666665799e-04,-3.190259333333332701e-03,-2.681326085432884660e-03,3.713714858141665704e-04,-2.938773623177595891e-03
8.981213809160713879e+01,-1.421949300000000525e-04,-3.267131333333332666e-03,-2.646117285148704042e-03,5.968620468369441323e-04,-2.917231576445951033e-03
9.271593939517856597e+01,-7.489086000000002923e-05,-3.327474666666665852e-03,-2.605813481675557739e-03,8.183616298619677924e-04,-2.883081358159998199e-03
9.560960425232141802e+01,-9.520121139999990415e-06,-3.375326333333333699e-03,-2.564168436524584191e-03,1.030620698246889231e-03,-2.834110795614584993e-03
9.849410205589288125e+01,5.384862666666665528e-05,-3.413950666666666547e-03,-2.522241409405989298e-03,1.234659031976287650e-03,-2.783580687247765115e-03
1.013702971630357013e+02,1.152510633333332185e-04,-3.444595333333332673e-03,-2.482177591005884330e-03,1.427582785841988644e-03,-2.730078050723518633e-03
1.042389633237499851e+02,1.747834866666668149e-04,-3.465774666666666774e-03,-2.444276517655060311e-03,1.608445459848605605e-03,-2.676056827909999679e-03
1.071007967880357086e+02,2.315746333333332490e-04,-3.492714666666665510e-03,-2.407895466367248813e-03,1.777813527533365781e-03,-2.620002568896948828e-03
1.099564269308928743e+02,2.882619000000001411e-04,-3.498169666666667808e-03,-2.373875338578326517e-03,1.934516095760300571e-03,-2.561266670573082715e-03
1.128064254487500051e+02,3.404329666666666308e-04,-3.506061000000000854e-03,-2.338786582409562668e-03,2.079471847255091009e-03,-2.502107455006472980e-03
1.156513134487500025e+02,3.922858333333332495e-04,-3.504367666666665868e-03,-2.302058183260362670e-03,2.212839017611673703e-03,-2.442356585798783741e-03
1.184915684130357363e+02,4.412996333333334001e-04,-3.504708000000001343e-03,-2.262659857229675029e-03,2.334903827937418862e-03,-2.383393177817625351e-03
1.213276301451785315e+02,4.899025000000000211e-04,-3.486353666666666944e-03,-2.220748876171874889e-03,2.446845641829634155e-03,-2.324917238560624076e-03
1.241599050380357596e+02,5.343205666666666276e-04,-3.469536999999999535e-03,-2.175453769871302928e-03,2.547977191672465540e-03,-2.265644886570799665e-03
1.269887705558928559e+02,5.783050666666665314e-04,-3.446443333333333147e-03,-2.126486948204813193e-03,2.640511902313387536e-03,-2.205032012727369938e-03
1.298145788951785562e+02,6.200052333333333108e-04,-3.418617999999999570e-03,-2.071909675709373688e-03,2.724048262827078425e-03,-2.141233289886036815e-03
1.326376602701785714e+02,6.596950333333332370e-04,-3.386413333333333168e-03,-2.013040635102260074e-03,2.799676676944568617e-03,-2.074504812631230120e-03
1.354583258237499876e+02,6.974690000000000403e-04,-3.349856333333333606e-03,-1.951710663412648764e-03,2.868149211159715106e-03,-2.004847463470837803e-03
1.382768701808928995e+02,7.333786333333335017e-04,-3.309260999999999973e-03,-1.889402795338142446e-03,2.929335640808763616e-03,-1.933342135740527329e-03
1.410935737880357124e+02,7.674407000000001144e-04,-3.265165666666666310e-03,-1.826329316778918218e-03,2.984942611347287007e-03,-1.860632179332923812e-03
1.439087051451785157e+02,7.997023333333332746e-04,-3.218079666666666741e-03,-1.762519405662119499e-03,3.034573035848858649e-03,-1.786894237033896660e-03
1.467225223773214111e+02,8.301409333333331902e-04,-3.168989000000000094e-03,-1.699025534880750426e-03,3.079504390589264760e-03,-1.711825778698620928e-03
1.495352753058928670e+02,8.589013333333331800e-04,-3.118525666666666345e-03,-1.634920364920314662e-03,3.119954459553205689e-03,-1.636972821846185283e-03
1.523472073058927947e+02,8.858545666666667621e-04,-3.067000666666666597e-03,-1.570502000458123219e-03,3.156190042569522684e-03,-1.562987622758382463e-03
1.551585565023213746e+02,9.109888999999998186e-04,-3.015177333333333553e-03,-1.505604046540405441e-03,3.188693822666848095e-03,-1.491629734837668537e-03
1.579695574487499812e+02,9.344557999999997819e-04,-2.963163666666666744e-03,-1.440672490178102581e-03,3.217146420372385927e-03,-1.423768757870407225e-03
1.607804425558927903e+02,9.561476333333327913e-04,-2.911395666666666097e-03,-1.376734290638062345e-03,3.242913371665261547e-03,-1.359702953578994155e-03
1.635914435023214537e+02,9.760588666666665178e-04,-2.860354999999999755e-03,-1.313925877708701367e-03,3.264652698514650900e-03,-1.299457609955979127e-03
1.664027926987500052e+02,9.941835333333332719e-04,-2.810287000000000288e-03,-1.252660087309676257e-03,3.280702399269213101e-03,-1.239285649958693763e-03
1.692147246987499898e+02,1.010508066666666784e-03,-2.760878999999999937e-03,-1.195600120806546846e-03,3.295786967359370326e-03,-1.185925947645080679e-03
1.720274776273214172e+02,1.024999033333333235e-03,-2.711538666666667066e-03,-1.140091210328077849e-03,3.305442158538496149e-03,-1.133359041635192922e-03
1.748412948594643126e+02,1.037611566666666631e-03,-2.662507000000000155e-03,-1.088820540932954571e-03,3.310791874512760379e-03,-1.084403100032040870e-03
1.776564262166070876e+02,1.048283133333332987e-03,-2.614197333333332686e-03,-1.041734784823386941e-03,3.310601553188362561e-03,-1.037235778324677128e-03
1.804731298237499857e+02,1.056919866666666515e-03,-2.567773666666666506e-03,-9.982617898360384399e-04,3.304959521207549451e-03,-9.914325863858805977e-04
1.832916741808928407e+02,1.063430666666666507e-03,-2.523946333333333594e-03,-9.595017378989439613e-04,3.292437509586516702e-03,-9.486084342953444602e-04
1.861123397344642285e+02,1.067695566666666514e-03,-2.483039999999999293e-03,-9.263442558384103048e-04,3.272781045236834458e-03,-9.093080194346894827e-04
1.889354211094641869e+02,1.069593333333332917e-03,-2.445354666666666593e-03,-8.991542226839208812e-04,3.245174787611387543e-03,-8.745283881708048115e-04
1.917612294487499582e+02,1.068955233333332812e-03,-2.411455333333332573e-03,-8.794180599220980743e-04,3.208335433376999744e-03,-8.447106708188224008e-04
1.945900949666070971e+02,1.065631899999999917e-03,-2.382421999999999492e-03,-8.665447332314454116e-04,3.162430796697855619e-03,-8.197760819940383284e-04
1.974223698594643110e+02,1.059423600000000297e-03,-2.359311000000000654e-03,-8.631892957068631762e-04,3.104855284080660152e-03,-8.008179072042478138e-04
2.002584315916071205e+02,1.050095133333333545e-03,-2.342779333333333720e-03,-8.700286357490871758e-04,3.036229580014123200e-03,-7.880660674365267673e-04
2.030986865558928400e+02,1.037373633333333548e-03,-2.332466000000000487e-03,-8.877462539043993713e-04,2.954444785998322498e-03,-7.821778846999614043e-04
2.059435745558929227e+02,1.021242866666666714e-03,-2.323257000000000013e-03,-9.157168178766886962e-04,2.858430048343419457e-03,-7.842432892353625546e-04
2.087935730737499682e+02,9.986486333333334606e-04,-2.356352666666666675e-03,-9.540292617953367209e-04,2.747949972949273196e-03,-7.938900124109275411e-04
2.116492032166072192e+02,9.783504333333338521e-04,-2.353178666666667657e-03,-1.004021056201152579e-03,2.619822149480193364e-03,-8.141509846414539051e-04
2.145110366808928291e+02,9.436868999999999856e-04,-2.390061666666666931e-03,-1.062680220720430306e-03,2.475403846844799732e-03,-8.443901308084339474e-04
2.173797028416072408e+02,9.096380333333335374e-04,-2.436294333333333898e-03,-1.129281579659513306e-03,2.312859971962889089e-03,-8.864683476746752474e-04
2.202558979487499471e+02,8.679585666666664442e-04,-2.504542999999999700e-03,-1.205881235742279440e-03,2.132455711289029093e-03,-9.454770838610296801e-04
2.231403957523213819e+02,8.189359666666669790e-04,-2.596831666666667149e-03,-1.289591949518811105e-03,1.933132559074740879e-03,-1.017481226606008248e-03
2.260340606094643761e+02,7.622687999999999209e-04,-2.716225333333332787e-03,-1.382076242034852107e-03,1.716456373560738650e-03,-1.106459242201825394e-03
2.289378619130356753e+02,6.972313333333334624e-04,-2.864761666666667574e-03,-1.483904510899857008e-03,1.478733283296620842e-03,-1.213651431234102516e-03
2.318528928594642196e+02,6.230990000000000053e-04,-3.041028333333333031e-03,-1.593158200366917836e-03,1.216310700052127772e-03,-1.336686404029680496e-03
2.347803935916070941e+02,5.391548666666666229e-04,-3.243019666666666512e-03,-1.708189076698133236e-03,9.230976605645185590e-04,-1.470332895964629287e-03
2.377217780380355805e+02,4.451988999999997670e-04,-3.465424999999998541e-03,-1.824492038936821907e-03,5.934808657239770604e-04,-1.610907057408220936e-03
2.406786687880357078e+02,3.409342333333333259e-04,-3.698290000000000344e-03,-1.935358687940335427e-03,1.986399322191726986e-04,-1.752891353011845578e-03
2.436529387344642430e+02,2.261919666666665975e-04,-3.923976999999999500e-03,-2.036676023161983467e-03,-2.959578808663273749e-04,-1.881132391384961536e-03
2.466467655558928129e+02,1.041239466666666800e-04,-4.104020666666667941e-03,-2.117123384469286537e-03,-8.235501715480101053e-04,-1.970017296065931008e-03
2.496627214130357117e+02,-2.550955908291385803e-05,-4.170244380824320897e-03,-2.131309471306228488e-03,-1.216380046435682968e-03,-1.980973453123317102e-03
2.526771068237499946e+02,-1.592724737424136680e-04,-4.080112203381794367e-03,-2.040771414416121463e-03,-1.365560677668143427e-03,-1.899061138046893209e-03
2.556359325201784998e+02,-2.365164763803245752e-04,-3.930866271019702214e-03,-1.882022934370981533e-03,-1.278326403115828029e-03,-1.738603423183459219e-03
2.585088303594642980e+02,-2.113684759379698072e-04,-3.760165503003425579e-03,-1.653189094823511243e-03,-1.000924274758995978e-03,-1.499267484862476865e-03
2.612939593237500731e+02,-1.328895783752370480e-04,-3.540910040252184809e-03,-1.374590810903700928e-03,-5.929879565514364816e-04,-1.210079019574485885e-03
2.639915326273214760e+02,2.276016871234418274e-06,-3.274400297506318419e-03,-1.060459202123373952e-03,-9.223658552628384653e-05,-8.865996302536379749e-04
2.666033720558928053e+02,1.919916295994167626e-04,-2.949484843613572275e-03,-7.042427394523114456e-04,4.922299787925456640e-04,-5.231391841755277409e-04
2.691326351630357294e+02,4.405576483381703178e-04,-2.539287751372537420e-03,-3.037809176943217604e-04,1.100385648960117580e-03,-1.167546767692553562e-04
2.715863414130356546e+02,7.516134165380209146e-04,-2.010164406282831644e-03,1.634760374405895740e-04,1.785777504920372984e-03,3.615120990638883629e-04
2.739767215380358039e+02,1.125255478408396150e-03,-1.337815501482284529e-03,7.142909637929290576e-04,2.554999739212104361e-03,9.324712303602465408e-04
2.763174428416071464e+02,1.558347727036420941e-03,-5.161011318662928797e-04,1.354602838766353788e-03,3.398756769220984825e-03,1.604337378587685457e-03
2.786209664666071717e+02,2.046939838613183026e-03,4.495350254892888325e-04,2.115184454300595828e-03,4.319591167727635829e-03,2.414647363827893828e-03
2.808987463237499469e+02,2.582768626278196013e-03,1.534400490089452528e-03,2.995187566867063556e-03,5.289367381999374521e-03,3.356965745243649293e-03
2.831601144130357284e+02,3.153423430580211493e-03,2.680552563976087727e-03,4.008060212365173111e-03,6.279298061417542057e-03,4.437621972882371119e-03
2.854087721987500572e+02,3.762996190870354467e-03,3.891614232373738578e-03,5.152260048242587528e-03,7.267393224755429142e-03,5.646189556394407352e-03
2.876440239487500321e+02,4.433551392546657491e-03,5.206944335637210541e-03,6.462771581098707314e-03,8.275967169427557446e-03,7.013548839000251743e-03
2.898649112880358416e+02,5.196285530848620410e-03,6.715811517320334489e-03,8.058607765353702906e-03,9.361487214900807152e-03,8.650055916012273222e-03
2.920714616630356204e+02,6.101763284597876147e-03,8.526591028488158044e-03,1.002255053153996989e-02,1.057275808376150275e-02,1.063195797952408081e-02
2.942654489308927737e+02,7.243846276065903610e-03,1.090784378612456168e-02,1.264147240071346670e-02,1.203572047394321255e-02,1.322764825352744887e-02
2.964547512701785763e+02,8.747325388605578511e-03,1.420854764140457548e-02,1.637149391171614787e-02,1.392580812174671993e-02,1.686537594981999885e-02
2.986588316273214332e+02,1.069882910054148831e-02,1.857615554277363204e-02,2.171605249733192869e-02,1.635925102019872637e-02,2.203378148715737575e-02
3.009041845023215274e+02,1.317478954604375807e-02,2.415255913816185401e-02,2.941573909562782488e-02,1.944910507427329016e-02,2.964112220690120342e-02
3.032175737166071485e+02,1.620956983894799447e-02,3.110280659576030587e-02,3.982087717406776473e-02,2.319589268564042212e-02,4.031829772685238678e-02
3.056235290558929591e+02,1.964445457124465444e-02,3.891789538690428041e-02,5.322141252735763245e-02,2.757870455152417952e-02,5.466145760656891672e-02
3.081354948416072261e+02,2.271638795957888965e-02,4.450758878895753196e-02,6.670587730125439319e-02,3.174464622469501396e-02,6.952497378534017169e-02
3.107394176273213589e+02,2.408081281209868349e-02,4.351011426248319741e-02,7.321221941413430523e-02,3.384619192054675457e-02,7.671041308202003473e-02
3.133963362701786082e+02,2.325630221484581428e-02,3.634822807083826907e-02,6.722617745225777097e-02,3.229546810762890657e-02,6.988188881291126919e-02
3.160715357166071726e+02,2.112307363900114629e-02,2.638519828057341726e-02,5.601386262728703935e-02,2.906856524102954809e-02,5.722133355251143860e-02
3.187500000023214852e+02,1.924254966666666747e-02,1.776421233333333113e-02,4.585349127048405499e-02,2.600641717623855542e-02,4.586269133562916045e-02
