x_over_h,Cf_ML
0.000000000000000000e+00,1.281112466666666470e-02
2.678464319642857916e+00,1.070370179578735738e-02
5.353663143392857648e+00,8.729644497612527518e-03
8.010580127321432542e+00,2.232482033501808575e-03
1.061450204517857365e+01,-5.846503902767754071e-03
1.312647218267857774e+01,-7.594029930765680211e-03
1.553244542553571605e+01,-6.493403915950090102e-03
1.784582381660714034e+01,-5.110625853087194352e-03
2.009116427732142895e+01,-4.066275975123786676e-03
2.229527177732143528e+01,-3.236549509896817067e-03
2.448455781125000286e+01,-2.536195358331479275e-03
2.667852838089284973e+01,-2.076650926117081658e-03
2.888510815589285841e+01,-1.856552475829778386e-03
3.110597599875000441e+01,-1.799442901977151227e-03
3.334121031839285365e+01,-1.860027190896574364e-03
3.558988525232142308e+01,-1.989533222264913866e-03
3.785125368089284592e+01,-2.127274005556305594e-03
4.012903353803570639e+01,-2.279592611149543722e-03
4.243255716303571035e+01,-2.217748257161849829e-03
4.477327846660713817e+01,-2.156588728055096327e-03
4.716365859160713114e+01,-2.092194020977327859e-03
4.961736484160711314e+01,-1.964389673761930341e-03
5.214662794875001595e+01,-1.828847621135981606e-03
5.475846737732143765e+01,-1.688368277574230948e-03
5.745604068089283345e+01,-1.535440085210854110e-03
6.024116964517858008e+01,-1.382902778502223496e-03
6.311406748446427883e+01,-1.289428131479666579e-03
6.607289318089286212e+01,-1.387846033771310272e-03
6.908727859160714502e+01,-1.840632581382357436e-03
7.210323444875000121e+01,-2.267379666666667105e-03
7.509706127017857114e+01,-2.561132333333332976e-03
7.807133121660712050e+01,-2.788501000000000087e-03
8.102822196660713416e+01,-2.960159000000000835e-03
8.396960641303573425e+01,-3.090779333333334121e-03
8.689710714517855195e+01,-3.190259333333332701e-03
8.981213809160713879e+01,-3.267131333333332666e-03
9.271593939517856597e+01,-3.327474666666665852e-03
9.560960425232141802e+01,-3.375326333333333699e-03
9.849410205589288125e+01,-3.413950666666666547e-03
1.013702971630357013e+02,-3.444595333333332673e-03
1.042389633237499851e+02,-3.465774666666666774e-03
1.071007967880357086e+02,-3.492714666666665510e-03
1.099564269308928743e+02,-3.498169666666667808e-03
1.128064254487500051e+02,-3.506061000000000854e-03
1.156513134487500025e+02,-3.504367666666665868e-03
1.184915684130357363e+02,-3.504708000000001343e-03
1.213276301451785315e+02,-3.486353666666666944e-03
1.241599050380357596e+02,-3.469536999999999535e-03
1.269887705558928559e+02,-3.446443333333333147e-03
1.298145788951785562e+02,-3.418617999999999570e-03
1.326376602701785714e+02,-3.386413333333333168e-03
1.354583258237499876e+02,-3.349856333333333606e-03
1.382768701808928995e+02,-3.309260999999999973e-03
1.410935737880357124e+02,-3.265165666666666310e-03
1.439087051451785157e+02,-3.218079666666666741e-03
1.467225223773214111e+02,-3.168989000000000094e-03
1.495352753058928670e+02,-3.118525666666666345e-03
1.523472073058927947e+02,-3.067000666666666597e-03
1.551585565023213746e+02,-3.015177333333333553e-03
1.579695574487499812e+02,-2.963163666666666744e-03
1.607804425558927903e+02,-2.911395666666666097e-03
1.635914435023214537e+02,-2.860354999999999755e-03
1.664027926987500052e+02,-2.810287000000000288e-03
1.692147246987499898e+02,-2.760878999999999937e-03
1.720274776273214172e+02,-2.711538666666667066e-03
1.748412948594643126e+02,-2.662507000000000155e-03
1.776564262166070876e+02,-2.614197333333332686e-03
1.804731298237499857e+02,-2.567773666666666506e-03
1.832916741808928407e+02,-2.523946333333333594e-03
1.861123397344642285e+02,-2.483039999999999293e-03
1.889354211094641869e+02,-2.445354666666666593e-03
1.917612294487499582e+02,-2.411455333333332573e-03
1.945900949666070971e+02,-2.382421999999999492e-03
1.974223698594643110e+02,-2.359311000000000654e-03
2.002584315916071205e+02,-2.342779333333333720e-03
2.030986865558928400e+02,-2.332466000000000487e-03
2.059435745558929227e+02,-2.323257000000000013e-03
2.087935730737499682e+02,-2.356352666666666675e-03
2.116492032166072192e+02,-2.353178666666667657e-03
2.145110366808928291e+02,-2.390061666666666931e-03
2.173797028416072408e+02,-2.436294333333333898e-03
2.202558979487499471e+02,-2.504542999999999700e-03
2.231403957523213819e+02,-2.596831666666667149e-03
2.260340606094643761e+02,-2.716225333333332787e-03
2.289378619130356753e+02,-2.864761666666667574e-03
2.318528928594642196e+02,-3.041028333333333031e-03
2.347803935916070941e+02,-3.243019666666666512e-03
2.377217780380355805e+02,-3.465424999999998541e-03
2.406786687880357078e+02,-3.698290000000000344e-03
2.436529387344642430e+02,-3.923976999999999500e-03
2.466467655558928129e+02,-4.104020666666667941e-03
2.496627214130357117e+02,-4.170244380824320897e-03
2.526771068237499946e+02,-4.080112203381794367e-03
2.556359325201784998e+02,-3.930866271019702214e-03
2.585088303594642980e+02,-3.760165503003425579e-03
2.612939593237500731e+02,-3.540910040252184809e-03
2.639915326273214760e+02,-3.274400297506318419e-03
2.666033720558928053e+02,-2.949484843613572275e-03
2.691326351630357294e+02,-2.539287751372537420e-03
2.715863414130356546e+02,-2.010164406282831644e-03
2.739767215380358039e+02,-1.337815501482284529e-03
2.763174428416071464e+02,-5.161011318662928797e-04
2.786209664666071717e+02,4.495350254892888325e-04
2.808987463237499469e+02,1.534400490089452528e-03
2.831601144130357284e+02,2.680552563976087727e-03
2.854087721987500572e+02,3.891614232373738578e-03
2.876440239487500321e+02,5.206944335637210541e-03
2.898649112880358416e+02,6.715811517320334489e-03
2.920714616630356204e+02,8.526591028488158044e-03
2.942654489308927737e+02,1.090784378612456168e-02
2.964547512701785763e+02,1.420854764140457548e-02
2.986588316273214332e+02,1.857615554277363204e-02
3.009041845023215274e+02,2.415255913816185401e-02
3.032175737166071485e+02,3.110280659576030587e-02
3.056235290558929591e+02,3.891789538690428041e-02
3.081354948416072261e+02,4.450758878895753196e-02
3.107394176273213589e+02,4.351011426248319741e-02
3.133963362701786082e+02,3.634822807083826907e-02
3.160715357166071726e+02,2.638519828057341726e-02
3.187500000023214852e+02,1.776421233333333113e-02
