x_c,tau_w_Pa,tau_x_Pa,tau_z_Pa,Cf
0.000738401006840979,5.13477175995318,1.20613545405847,-4.93725529799689,0.00436506807571518
0.00186835086672176,4.08197839491741,1.78588616304688,-3.66078122148348,0.00347008872261453
0.00400208087292771,2.9572508991077,1.75588804741299,-2.37618323781582,0.00251395818451972
0.00611024506612841,2.1645513828946,1.48037613710628,-1.57826040939068,0.00184008454151904
0.00811170003891688,1.61421548709127,1.18911901489012,-1.09106125551333,0.00137224414626978
0.0101383538605292,1.14090963736567,0.887658770252846,-0.71661299878709,0.00096988697222758
0.0120784980566511,0.770496300738164,0.621584509424792,-0.455219165245721,0.000654998695568013
0.0141480298230214,0.434319900067891,0.360730402383879,-0.241845988337763,0.000369215228848155
0.0160896478506678,0.140864815788238,0.119472624845088,-0.0746230118157467,0.000119749141565417
0.0177402451653934,0.0453359254230252,-0.0143401177282038,0.00803430596093863,3.85400578640044e-05
0.0198603979126075,0.246652338132799,-0.216517114802889,0.118129118503673,0.0002096790855206
0.0220685973312851,0.4754707052896,-0.422997070955099,0.217107003066635,0.000404197517167995
0.0239335421478843,0.606207020502402,-0.544178503697228,0.267101763047802,0.000515336423150691
0.0260106228209651,0.760840801354639,-0.689903378749181,0.320768637383016,0.000646790558169808
0.0280030231971739,0.873706092166525,-0.797963631701575,0.355800639185817,0.00074273731117286
0.0302177692014728,1.00371112624734,-0.924176787210544,0.391543997827135,0.000853254555264271
0.0323386950040474,1.09895981889472,-1.0178086178267,0.414427420781729,0.00093422544296201
0.0342604089528322,1.18683885042878,-1.10505454848854,0.432944455735239,0.00100893138375295
0.0358039177954197,1.24853661116089,-1.16685463559767,0.444177812135342,0.00106138063336036
0.0378275311402452,1.32548592568435,-1.2445096576141,0.456153383099315,0.0011267952246951
0.0401679038241036,1.39709082562344,-1.31732015990619,0.465294096377296,0.00118766653064615
0.0422852672636509,1.4637105130033,-1.38553295376912,0.471960697406251,0.00124429990875731
0.0439838226884603,1.51056841778099,-1.43382429470417,0.475357588256936,0.00128413380085652
0.0457142889499664,1.554792839237,-1.47963646189819,0.477552838504858,0.00132172896950066
0.0479800913264975,1.60969347689447,-1.53685661501645,0.478698243207539,0.00136839998663214
0.0501885468303162,1.6547257982675,-1.58402527925253,0.478482945631472,0.00140668195077586
0.0520335461290888,1.69087968251923,-1.62209251729317,0.477340231320202,0.00143741635793904
0.0539121101955207,1.72486123884648,-1.65805088565563,0.475372183298208,0.00146630406972479
0.0558246271878405,1.7568654752457,-1.69205909256735,0.472734066685812,0.00149351086237786
0.0577715227390353,1.78678809556846,-1.72402088963368,0.469392988139114,0.00151894807377084
0.0597532260131361,1.81479798451316,-1.7540879449877,0.465439051191724,0.00154275927273988
0.0617701911829679,1.84108207648125,-1.78242995827367,0.460970851288762,0.00156510337216878
0.0638228662269501,1.86599939473994,-1.8093946353777,0.45608360315056,0.00158628557763927
0.0659117344367733,1.88965725558709,-1.83508406215494,0.450820991975856,0.00160639711870699
0.068037271558635,1.91150230377406,-1.85893594500516,0.44516037136479,0.00162496758822563
0.0701999627874053,1.93196103717229,-1.88138662806867,0.439121027918332,0.00164235955191964
0.0716546798745791,1.94196706204362,-1.89237672376352,0.436057800549855,0.00165086567093964
0.073507260531187,1.96040779574427,-1.91276261198363,0.429578765551128,0.00166654213363993
0.0757649913430214,1.97895497009154,-1.93319120047122,0.423124752372906,0.00168230908150496
0.0780617184937,2.01360568178537,-1.96931285949805,0.420017503366151,0.00171176564208574
0.0803979933261871,2.12014251557505,-2.07580674811497,0.431312683362383,0.0018023325754965
0.082374947766463,2.22158046460537,-2.17741665119183,0.440768065799653,0.00188856494836098
0.0839859171375981,2.25704025290959,-2.21331021985606,0.442104460492009,0.00191870930474806
0.0855976964036624,2.29193930748103,-2.2486361953196,0.443419722469813,0.00194837698154152
0.0876497626304626,2.35462520306943,-2.31237363506221,0.444058575864655,0.00200166624432134
0.0901499502360821,2.39812470007566,-2.35725713042137,0.440841125793166,0.002038645154888
0.0922652681668599,2.43176000751361,-2.39244134278329,0.435524001042269,0.0020672385205872
0.0939887399868086,2.44587861125589,-2.40735541450669,0.432353404469559,0.00207924074178616
0.0957129349311193,2.45977387189687,-2.4220335595696,0.429232963768098,0.00209105309907548
0.0979078412055969,2.48459452453468,-2.44847413043772,0.42211892154343,0.00211215312912798
0.10058169439435,2.50702225777965,-2.47247620371127,0.414755377402241,0.00213121893905585
0.102843644718329,2.52733778235606,-2.49435864555589,0.406953576547777,0.00214848916096941
0.103757498164972,2.52733778235606,-2.49435864555589,0.406953576547777,0.00214848916096941
0.106065146625042,2.54591102429003,-2.51447996102214,0.398815081484605,0.00216427826888279
0.108403710027536,2.56262327820072,-2.53269483563416,0.390505999349928,0.00217848535138406
0.109348478416602,2.56262327820072,-2.53269483563416,0.390505999349928,0.00217848535138406
0.111734129488468,2.57737457159008,-2.5489652689598,0.381622509708064,0.00219102542187981
0.11415163675944,2.59072731591293,-2.56374972563668,0.372901286824375,0.00220237658619473
0.115128261347612,2.59072731591293,-2.56374972563668,0.372901286824375,0.00220237658619473
0.117594253271818,2.6032980961812,-2.57772480064636,0.363999766089687,0.00221306300307967
0.120093062520027,2.61459602621473,-2.59038300365561,0.355004612181251,0.00222266737032645
0.121102504432201,2.61459602621473,-2.59038300365561,0.355004612181251,0.00222266737032645
0.123651295900345,2.62352938512102,-2.60067805108556,0.345514267715905,0.00223026161630149
0.126233910520871,2.63168643335586,-2.61011777484835,0.336242003518234,0.002237195920786
0.127277175585429,2.63168643335586,-2.61011777484835,0.336242003518234,0.002237195920786
0.129911281168461,2.63901207083676,-2.61869796176699,0.326811405950782,0.00224342344321485
0.132580240567525,2.64456072671042,-2.62545273881273,0.317331614434966,0.00224814035406299
0.133658359448115,2.64456072671042,-2.62545273881273,0.317331614434966,0.00224814035406299
0.136380404233932,2.64988500530596,-2.63195482249627,0.30774072477328,0.00225266652184806
0.139695405960083,2.65498067387172,-2.63816831401368,0.29831246297554,0.00225699834830904
0.14249890546004,2.65829353243826,-2.64256543744158,0.288742815395029,0.00225981460847486
0.143631329139074,2.65829353243826,-2.64256543744158,0.288742815395029,0.00225981460847486
0.146490372717381,2.66120673838349,-2.64650961420033,0.279299420627581,0.00226229112405607
0.149972029030323,2.66359397595687,-2.64989684508351,0.269776906295117,0.00226432051406752
0.152916327118874,2.66475743000537,-2.6520278449279,0.260154704927465,0.00226530956603752
0.154105588793755,2.66475743000537,-2.6520278449279,0.260154704927465,0.00226530956603752
0.156503637631734,2.66480684103046,-2.6529827723447,0.250754680205427,0.0022653515703365
0.157712424794833,2.66480684103046,-2.6529827723447,0.250754680205427,0.0022653515703365
0.160149832566579,2.66482916394238,-2.65388717345468,0.241241255946276,0.00226537054703785
0.161378453175227,2.66482916394238,-2.65388717345468,0.241241255946276,0.00226537054703785
0.163855830828349,2.66396909326105,-2.65386037010763,0.231854406519031,0.00226463940118572
0.165104587872823,2.66396909326105,-2.65386037010763,0.231854406519031,0.00226463940118572
0.168257139623165,2.66239768823544,-2.65308007098083,0.222547943791374,0.00226330355020111
0.172095879912376,2.6605185247561,-2.65196461268343,0.213172497394056,0.00226170607383873
0.175997391343117,2.65762442596739,-2.64979189552823,0.203888449627315,0.00225924580124608
0.179962635040283,2.65438983382662,-2.64723842374854,0.19471547897246,0.0022564960753475
0.183992594480515,2.65123902583794,-2.64472860880833,0.185685104079112,0.0022538175743338
0.188088268041611,2.64676801576117,-2.64086774058042,0.176630988272026,0.00225001676988432
0.192250676453114,2.64193796977,-2.63661482430613,0.167626084967703,0.00224591074910172
0.195770134528478,2.63718895928548,-2.63240666088099,0.158747531403338,0.00224187361658127
0.197191576162974,2.63718895928548,-2.63240666088099,0.158747531403338,0.00224187361658127
0.200057571132978,2.63187991611852,-2.62760423069324,0.149959660279096,0.00223736040042988
0.201502124468486,2.63187991611852,-2.62760423069324,0.149959660279096,0.00223736040042988
0.204414705435435,2.62645051601059,-2.62264220993543,0.141386533012535,0.00223274486887574
0.205882733066877,2.62645051601059,-2.62264220993543,0.141386533012535,0.00223274486887574
0.20884263018767,2.62055491499084,-2.61719109019266,0.132736053500064,0.00222773302005332
0.210334499677022,2.62055491499084,-2.61719109019266,0.132736053500064,0.00222773302005332
0.214100480079651,2.61465223047561,-2.61169811586784,0.124254729903661,0.00222271514955333
0.217915246884028,2.60899511014363,-2.60641656273983,0.115966315061146,0.0022179060330987
0.219455902775129,2.60899511014363,-2.60641656273983,0.115966315061146,0.0022179060330987
0.222562178969383,2.603102066524,-2.60087474476291,0.107661185187528,0.00221289635832143
0.224127799272537,2.603102066524,-2.60087474476291,0.107661185187528,0.00221289635832143
0.22807988524437,2.59730446629955,-2.59539738444492,0.0995133532550568,0.00220796781994844
0.232083072264989,2.59107877059421,-2.58946402854777,0.091461687504645,0.00220267535772364
0.233699793616931,2.59107877059421,-2.58946402854777,0.091461687504645,0.00220267535772364
0.236959382891655,2.58448013386173,-2.58312993614492,0.0835302060209219,0.00219706585843317
0.238602250814438,2.58448013386173,-2.58312993614492,0.0835302060209219,0.00219706585843317
0.241914540529251,2.57823590999964,-2.57712564700401,0.0756558468712399,0.00219175764542736
0.243583962321281,2.57823590999964,-2.57712564700401,0.0756558468712399,0.00219175764542736
0.246949772040049,2.57151240571361,-2.57061498293386,0.0679313054119247,0.0021860419962636
0.248646159966787,2.57151240571361,-2.57061498293386,0.0679313054119247,0.0021860419962636
0.252066324154536,2.56479687785711,-2.56408883410278,0.060261724958797,0.00218033312786041
0.253790100415548,2.56479687785711,-2.56408883410278,0.060261724958797,0.00218033312786041
0.25814126431942,2.55858022843129,-2.55803620266253,0.0527595601516985,0.00217504835587538
0.262548476457596,2.55193134608311,-2.55152968939247,0.0452751506940039,0.00216939614280068
0.264328300952911,2.55193134608311,-2.55152968939247,0.0452751506940039,0.00216939614280068
0.267916649580002,2.54492231446531,-2.54463886201583,0.0379822140249504,0.00216343776692988
0.269725173711777,2.54492231446531,-2.54463886201583,0.0379822140249504,0.00216343776692988
0.273371348778407,2.53788096226329,-2.53769452121053,0.0307619186091741,0.00215745191533924
0.275208999713262,2.53788096226329,-2.53769452121053,0.0307619186091741,0.00215745191533924
0.278913885354996,2.53102886186716,-2.53091863649177,0.0236210724405235,0.00215162694665728
0.280781120061874,2.53102886186716,-2.53091863649177,0.0236210724405235,0.00215162694665728
0.284545640150706,2.52314475155506,-2.52309037658827,0.0165646873658658,0.00214492466662661
0.286442925532659,2.52314475155506,-2.52309037658827,0.0165646873658658,0.00214492466662661
0.29026801387469,2.51538099192674,-2.51536250574219,0.00964361201630529,0.00213832469667947
0.292195816834768,2.51538099192674,-2.51536250574219,0.00964361201630529,0.00213832469667947
0.296082417170207,2.50734215339088,-2.50734055347446,0.00283250299619349,0.0021314908822279
0.298041214545568,2.50734215339088,-2.50734055347446,0.00283250299619349,0.0021314908822279
0.302197098731995,2.50445108451951,-2.50444930027972,-0.00298949483769587,0.00212903318536714
0.305858910083771,2.5057601666371,-2.50574759134015,-0.0079385891837224,0.00213014603571904
0.307323634624481,2.5057601666371,-2.50574759134015,-0.0079385891837224,0.00213014603571904
0.310253063837687,2.50705430820673,-2.50702202502121,-0.0127228281644451,0.00213124618511519
0.311717768510183,2.50705430820673,-2.50702202502121,-0.0127228281644451,0.00213124618511519
0.314647167921066,2.50814677874838,-2.50808603925318,-0.0174551840195649,0.00213217489402532
0.316111862659454,2.50814677874838,-2.50808603925318,-0.0174551840195649,0.00213217489402532
0.319041232268016,2.50969445067006,-2.50959720052841,-0.0220935923757342,0.00213349056950475
0.320505907138189,2.50969445067006,-2.50959720052841,-0.0220935923757342,0.00213349056950475
0.324167549610138,2.51041519838242,-2.51027357838772,-0.026665144252099,0.00213410327693888
0.327829132477442,2.51116274688577,-2.5109694298469,-0.0311586861279693,0.00213473876771813
0.329293747742971,2.51116274688577,-2.5109694298469,-0.0311586861279693,0.00213473876771813
0.332222948471705,2.5119613403785,-2.51170936225062,-0.0355788580301848,0.00213541765182896
0.333687533934911,2.5119613403785,-2.51170936225062,-0.0355788580301848,0.00213541765182896
0.336616665124893,2.51288364633346,-2.512566153098,-0.0399442901613246,0.00213620170387028
0.338081210851669,2.51288364633346,-2.512566153098,-0.0399442901613246,0.00213620170387028
0.341010262568792,2.5131226618111,-2.51273456934372,-0.044164435165652,0.00213640489086276
0.342474768559138,2.5131226618111,-2.51273456934372,-0.044164435165652,0.00213640489086276
0.346135959029198,2.51315788134182,-2.51269241961525,-0.0483667340076838,0.00213643483097624
0.349797050158183,2.51266187530009,-2.51211417950236,-0.0524599726435132,0.00213601317637516
0.351261456807454,2.51266187530009,-2.51211417950236,-0.0524599726435132,0.00213601317637516
0.35419022043546,2.51166103537839,-2.51102562068579,-0.0564932641787828,0.0021351623626301
0.355654577414195,2.51166103537839,-2.51102562068579,-0.0564932641787828,0.0021351623626301
0.358583241701126,2.51067024001487,-2.50994324491399,-0.0604149104690223,0.00213432008776122
0.360047549009323,2.51067024001487,-2.50994324491399,-0.0604149104690223,0.00213432008776122
0.362976104021072,2.50979481145286,-2.50897039272029,-0.0643238995141718,0.00213357588617889
0.364440351724625,2.50979481145286,-2.50897039272029,-0.0643238995141718,0.00213357588617889
0.368100896477699,2.50839121893389,-2.50746696419348,-0.0680876692433279,0.0021323826925605
0.371761312087377,2.50728223098689,-2.50625318892343,-0.0718271455212877,0.00213143994220857
0.373225430647532,2.50728223098689,-2.50625318892343,-0.0718271455212877,0.00213143994220857
0.376153618097305,2.50591574591985,-2.50477650351074,-0.0755539086319327,0.00213027829362496
0.377617686986923,2.50591574591985,-2.50477650351074,-0.0755539086319327,0.00213027829362496
0.380545755227407,2.50462233238974,-2.50337245118987,-0.0791163606911593,0.00212917876313502
0.382009754578273,2.50462233238974,-2.50337245118987,-0.0791163606911593,0.00212917876313502
0.384937683741252,2.50272657267051,-2.50136103722854,-0.08266352875399,0.00212756717831363
0.386401613553365,2.50272657267051,-2.50136103722854,-0.08266352875399,0.00212756717831363
0.39006133377552,2.50082119106924,-2.49933892796258,-0.0860903761857671,0.00212594741393294
0.394452810287476,2.49890108104967,-2.49729801719618,-0.0894942801479772,0.00212431512892785
0.398112207651138,2.49704012997856,-2.49531196481053,-0.0928849234094755,0.00212273313492876
0.399575918912888,2.49704012997856,-2.49531196481053,-0.0928849234094755,0.00212273313492876
0.402503271897634,2.49529860133385,-2.49344653989175,-0.0961221229507595,0.00212125266190185
0.403966913620631,2.49529860133385,-2.49344653989175,-0.0961221229507595,0.00212125266190185
0.406894127527873,2.4930221814704,-2.4910401820792,-0.0993901834702642,0.00211931747799546
0.408357699712117,2.4930221814704,-2.4910401820792,-0.0993901834702642,0.00211931747799546
0.412016496062279,2.49122922465543,-2.48911871539286,-0.102523511734158,0.002117793285895
0.416406840085983,2.48895056391507,-2.48670738913443,-0.105646913998166,0.00211585619701975
0.420065293709437,2.48709966070918,-2.48472361343615,-0.108688946689675,0.00211428274470814
0.421528627475103,2.48709966070918,-2.48472361343615,-0.108688946689675,0.00211428274470814
0.424455205599467,2.48480666629389,-2.48229576811668,-0.111677609432548,0.00211233347077974
0.425918449958165,2.48480666629389,-2.48229576811668,-0.111677609432548,0.00211233347077974
0.428844859202703,2.48247263546495,-2.47982376604287,-0.114649357613835,0.00211034931180726
0.430308024088542,2.48247263546495,-2.47982376604287,-0.114649357613835,0.00211034931180726
0.43323427438736,2.48028395180279,-2.47749937216455,-0.117496138212008,0.00210848871242171
0.434697359800339,2.48028395180279,-2.47749937216455,-0.117496138212008,0.00210848871242171
0.438354954123497,2.47782861436683,-2.47490344291691,-0.120364406753278,0.00210640143073561
0.442012379566828,2.47563538977238,-2.47257053957334,-0.123148324907312,0.00210453697110476
0.443475296099981,2.47563538977238,-2.47257053957334,-0.123148324907312,0.00210453697110476
0.446401039759318,2.47298741926839,-2.46978046209417,-0.125901727222603,0.00210228593209996
0.447863866885503,2.47298741926839,-2.46978046209417,-0.125901727222603,0.00210228593209996
0.450789441665014,2.47074211339295,-2.46739417519826,-0.128579061635833,0.00210037719818631
0.452252189318339,2.47074211339295,-2.46739417519826,-0.128579061635833,0.00210037719818631
0.455177595218023,2.46829235145803,-2.46480333654655,-0.131193156891645,0.00209829465623212
0.456640253464381,2.46829235145803,-2.46480333654655,-0.131193156891645,0.00209829465623212
0.460296764969826,2.46620726898991,-2.46257308687667,-0.13383603927706,0.00209652212819343
0.463953097661336,2.46346770881456,-2.45968942466368,-0.136385800469573,0.00209419322883394
0.46541557709376,2.46346770881456,-2.45968942466368,-0.136385800469573,0.00209419322883394
0.468340456485748,2.46102707551278,-2.45710340213235,-0.138914137641273,0.0020921184471283
0.469802856445312,2.46102707551278,-2.45710340213235,-0.138914137641273,0.0020921184471283
0.472727557023366,2.4585962358112,-2.45452996527434,-0.141343907952771,0.00209005199095954
0.474189857641856,2.4585962358112,-2.45452996527434,-0.141343907952771,0.00209005199095954
0.477114379405975,2.45623006531961,-2.45201904979674,-0.143766175485944,0.00208804051006859
0.478576600551605,2.45623006531961,-2.45201904979674,-0.143766175485944,0.00208804051006859
0.482232019305229,2.45383576601299,-2.44947650498662,-0.146201293028029,0.00208600511687964
0.485887249310811,2.45120147083078,-2.44669948047695,-0.148493443750248,0.00208376570326217
0.487349281708399,2.45120147083078,-2.44669948047695,-0.148493443750248,0.00208376570326217
0.490273267030716,2.44862811108481,-2.44397769454297,-0.150839832176958,0.00208157809084245
0.491735219955444,2.44862811108481,-2.44397769454297,-0.150839832176958,0.00208157809084245
0.494659026463826,2.44607312017752,-2.44127926183341,-0.153066243819823,0.0020794060937675
0.49612088004748,2.44607312017752,-2.44127926183341,-0.153066243819823,0.0020794060937675
0.499044497807821,2.44347864337408,-2.43854026087077,-0.155271622447746,0.00207720052974298
0.500506261984507,2.44347864337408,-2.43854026087077,-0.155271622447746,0.00207720052974298
0.504160553216934,2.44125283292723,-2.4361605844451,-0.157597592213029,0.00207530836888786
0.508545458316803,2.4384659960208,-2.43323442017269,-0.159645451662698,0.00207293927959214
0.512199322382609,2.43563069216527,-2.43025079990237,-0.161795915249281,0.00207052898855618
0.513660808404287,2.43563069216527,-2.43025079990237,-0.161795915249281,0.00207052898855618
0.516583700974782,2.43311388701594,-2.42759098327154,-0.163845064400994,0.00206838945318368
0.5180451075236,2.43311388701594,-2.42759098327154,-0.163845064400994,0.00206838945318368
0.520967841148376,2.43050131791021,-2.42483166922883,-0.165915738458386,0.0020661685088979
0.522429168224335,2.43050131791021,-2.42483166922883,-0.165915738458386,0.0020661685088979
0.526082307100296,2.42808206560189,-2.42226740710993,-0.167937862766206,0.002064111903169
0.530465811491013,2.42531128782056,-2.41935213373298,-0.169912023799048,0.00206175646573115
0.534118553002675,2.42266656697601,-2.41656101104497,-0.171890007390297,0.00205950818926096
0.535579601923625,2.42266656697601,-2.41656101104497,-0.171890007390297,0.00205950818926096
0.538501600424449,2.41985061267929,-2.41360085807939,-0.173804158646358,0.00205711434727967
0.539962550004323,2.41985061267929,-2.41360085807939,-0.173804158646358,0.00205711434727967
0.542884349822998,2.41723920984599,-2.41084737641271,-0.175671071212129,0.00205489439444178
0.544345200061798,2.41723920984599,-2.41084737641271,-0.175671071212129,0.00205489439444178
0.547266821066538,2.41485297096032,-2.40831734744183,-0.177545558566321,0.00205286585341448
0.548727591832479,2.41485297096032,-2.40831734744183,-0.177545558566321,0.00205286585341448
0.552379369735718,2.41193507303998,-2.40525596532496,-0.179372622852767,0.0020503853491865
0.556030948956807,2.40922619442605,-2.40240133815796,-0.181214420854177,0.00204808253221402
0.557491521040599,2.40922619442605,-2.40240133815796,-0.181214420854177,0.00204808253221402
0.560412585735321,2.40664991947164,-2.39968530741307,-0.182959723105038,0.0020458924415764
0.561873078346252,2.40664991947164,-2.39968530741307,-0.182959723105038,0.0020458924415764
0.564793964227041,2.40421491730238,-2.39710884740632,-0.184712052302003,0.00204382244689499
0.566254357496897,2.40421491730238,-2.39710884740632,-0.184712052302003,0.00204382244689499
0.569175064563751,2.40141888928721,-2.39416523568183,-0.186508729227282,0.00204144554424023
0.570635378360748,2.40141888928721,-2.39416523568183,-0.186508729227282,0.00204144554424023
0.574286013841629,2.39864552488146,-2.39125319564553,-0.188171486545904,0.00203908790791367
0.577936470508575,2.39613542768266,-2.38860426836552,-0.189827914021973,0.00203695407496809
0.579396605491638,2.39613542768266,-2.38860426836552,-0.189827914021973,0.00203695407496809
0.582316776116689,2.39312190918902,-2.38544944770861,-0.191476903743437,0.00203439228371678
0.583776811758677,2.39312190918902,-2.38544944770861,-0.191476903743437,0.00203439228371678
0.586696783701579,2.39073048888738,-2.3829153730844,-0.193149152764681,0.00203235933796917
0.588156720002492,2.39073048888738,-2.3829153730844,-0.193149152764681,0.00203235933796917
0.59107651313146,2.38786604526171,-2.37991384688698,-0.194716027869836,0.00202992427522255
0.592536369959513,2.38786604526171,-2.37991384688698,-0.194716027869836,0.00202992427522255
0.596185863018036,2.38498004937118,-2.37689044802335,-0.19626928948241,0.00202747089090142
0.600564986467361,2.38245656889886,-2.37422665362252,-0.197856260749346,0.00202532568083866
0.604214052359263,2.37940590982354,-2.37103604662144,-0.199400474736031,0.00202273231638897
0.605673631032308,2.37940590982354,-2.37103604662144,-0.199400474736031,0.00202273231638897
0.608592708905538,2.37678035236339,-2.36827517541052,-0.200891853779344,0.00202050033070664
0.610052208105723,2.37678035236339,-2.36827517541052,-0.200891853779344,0.00202050033070664
0.612971087296804,2.37403614931117,-2.36539265705303,-0.202398656605727,0.00201816748443878
0.614430467287699,2.37403614931117,-2.36539265705303,-0.202398656605727,0.00201816748443878
0.618078827857971,2.37103359519512,-2.36225079612106,-0.203890867302369,0.00201561501400186
0.622456610202789,2.3683664259613,-2.35944957907924,-0.205322213614339,0.00201334765416206
0.626104533672333,2.3656384733999,-2.35658657916008,-0.206748837366416,0.00201102862243202
0.627563655376434,2.3656384733999,-2.35658657916008,-0.206748837366416,0.00201102862243202
0.630481819311778,2.36269767929304,-2.35351055455824,-0.208154734079413,0.00200852865416211
0.63194086154302,2.36269767929304,-2.35351055455824,-0.208154734079413,0.00200852865416211
0.634858846664429,2.36004735293493,-2.35072261425708,-0.20958697219895,0.00200627561244637
0.636317789554596,2.36004735293493,-2.35072261425708,-0.20958697219895,0.00200627561244637
0.639235575993856,2.35689768058241,-2.34743844370263,-0.210948879498592,0.00200359807683667
0.640694419542948,2.35689768058241,-2.34743844370263,-0.210948879498592,0.00200359807683667
0.64434140920639,2.35452264580701,-2.34493063628209,-0.21231392004228,0.00200157906042046
0.647988239924113,2.35147414382632,-2.34174704616682,-0.213661931220131,0.00199898752971633
0.649446924527486,2.35147414382632,-2.34174704616682,-0.213661931220131,0.00199898752971633
0.652364174524943,2.34924978524587,-2.33938631562272,-0.215049342605231,0.00199709660309244
0.653822739919027,2.34924978524587,-2.33938631562272,-0.215049342605231,0.00199709660309244
0.656739791234334,2.34591466905275,-2.33591691852871,-0.216351067037336,0.00199426142172432
0.658198277155558,2.34591466905275,-2.33591691852871,-0.216351067037336,0.00199426142172432
0.661115169525146,2.34326193450784,-2.33313362145816,-0.217632713843597,0.00199200633280962
0.662573575973511,2.34326193450784,-2.33313362145816,-0.217632713843597,0.00199200633280962
0.666219443082809,2.34055552641614,-2.33029537986117,-0.218914629101881,0.00198970561602742
0.670594215393066,2.33781974813005,-2.32742090148684,-0.220256945563614,0.00198737993165095
0.674239655335744,2.33457261341568,-2.32404532731379,-0.221455647707278,0.00198461954331397
0.675697783629099,2.33457261341568,-2.32404532731379,-0.221455647707278,0.00198461954331397
0.678613940874735,2.33176342932074,-2.32110408851872,-0.222702717943256,0.00198223145667937
0.680071969827016,2.33176342932074,-2.32110408851872,-0.222702717943256,0.00198223145667937
0.682987948258718,2.32862010203568,-2.31783217556637,-0.223887439383988,0.0019795593150098
0.684445897738139,2.32862010203568,-2.31783217556637,-0.223887439383988,0.0019795593150098
0.687361697355906,2.32567809460676,-2.31475446123487,-0.225145250731567,0.00197705831529513
0.688819547494253,2.32567809460676,-2.31475446123487,-0.225145250731567,0.00197705831529513
0.692464053630829,2.32316750388625,-2.31211397523598,-0.2263541840381,0.00197492406280689
0.696108380953471,2.32013920479812,-2.30895564309517,-0.227529707643318,0.00197234970657622
0.697566052277883,2.32013920479812,-2.30895564309517,-0.227529707643318,0.00197234970657622
0.700481295585632,2.31725166648846,-2.30593489495212,-0.228734663061224,0.00196989501104501
0.70193886756897,2.31725166648846,-2.30593489495212,-0.228734663061224,0.00196989501104501
0.70485391219457,2.31429067009263,-2.30283948866431,-0.229938241982712,0.00196737786881474
0.706311384836833,2.31429067009263,-2.30283948866431,-0.229938241982712,0.00196737786881474
0.709226250648499,2.31147798848866,-2.29990034423055,-0.231060377122074,0.00196498680894868
0.710683643817902,2.31147798848866,-2.29990034423055,-0.231060377122074,0.00196498680894868
0.71432700753212,2.30847808012277,-2.29677010427892,-0.23220278744648,0.00196243658766325
0.717970172564189,2.30600488201729,-2.29416487030326,-0.233379655827177,0.00196033412262687
0.719427367051443,2.30600488201729,-2.29416487030326,-0.233379655827177,0.00196033412262687
0.72234167655309,2.30270247457009,-2.29072669562904,-0.234541877547805,0.00195752674695474
0.723798791567485,2.30270247457009,-2.29072669562904,-0.234541877547805,0.00195752674695474
0.726712922255198,2.29965660836449,-2.28755417745778,-0.235619187652266,0.00195493745692229
0.728169937928518,2.29965660836449,-2.28755417745778,-0.235619187652266,0.00195493745692229
0.731083889802297,2.29702537502443,-2.28478836034723,-0.236786236778997,0.001952700646176
0.732540826002757,2.29702537502443,-2.28478836034723,-0.236786236778997,0.001952700646176
0.736183017492294,2.29354956610424,-2.28118624092419,-0.23782124883007,0.00194974586195887
0.740553379058838,2.29009471799458,-2.27759730486583,-0.238923281106279,0.00194680889652109
0.74419512351354,2.28682801880329,-2.27420916653353,-0.239906345140426,0.0019440318764276
0.745651761690776,2.28682801880329,-2.27420916653353,-0.239906345140426,0.0019440318764276
0.748564958572388,2.28371144855022,-2.27095485141842,-0.24104365384398,0.00194138248090363
0.750021517276764,2.28371144855022,-2.27095485141842,-0.24104365384398,0.00194138248090363
0.752934515476227,2.28073866629286,-2.26785230049143,-0.242104950546375,0.00193885531951569
0.754390954971313,2.28073866629286,-2.26785230049143,-0.242104950546375,0.00193885531951569
0.757303754488627,2.27734189289767,-2.26432791707104,-0.243115571528166,0.00193596772337687
0.758760114510854,2.27734189289767,-2.26432791707104,-0.243115571528166,0.00193596772337687
0.76240086555481,2.27416445258872,-2.26101694530283,-0.244185033267026,0.00193326658223497
0.766041417916616,2.27079961516701,-2.25751839287551,-0.245237839803343,0.00193040613485851
0.767497579256693,2.27079961516701,-2.25751839287551,-0.245237839803343,0.00193040613485851
0.770409822463989,2.26726316435935,-2.25385654137052,-0.246196968669626,0.00192739979898936
0.771865904331207,2.26726316435935,-2.25385654137052,-0.246196968669626,0.00192739979898936
0.774777948856354,2.26378887095536,-2.25025217709327,-0.247194643445939,0.00192444630311215
0.776233911514282,2.26378887095536,-2.25025217709327,-0.247194643445939,0.00192444630311215
0.779145757357279,2.26069254084014,-2.24702479042395,-0.248214333652268,0.00192181411372386
0.780601640542348,2.26069254084014,-2.24702479042395,-0.248214333652268,0.00192181411372386
0.784241169691086,2.25699258125648,-2.24319064248118,-0.249221293896877,0.00191866877908873
0.788608312606812,2.2534580907191,-2.23952072703103,-0.250240444024928,0.00191566410964481
0.792247394720713,2.25009971887554,-2.23603407160572,-0.251197881165713,0.00191280915865458
0.793702979882558,2.25009971887554,-2.23603407160572,-0.251197881165713,0.00191280915865458
0.796614030996958,2.24696963754305,-2.23277188021673,-0.252194930468061,0.00191014827736567
0.798069496949514,2.24696963754305,-2.23277188021673,-0.252194930468061,0.00191014827736567
0.80098032951355,2.24307754296442,-2.22874688670933,-0.253148530974898,0.0019068396088236
0.802435696125031,2.24307754296442,-2.22874688670933,-0.253148530974898,0.0019068396088236
0.805346330006917,2.23960316995008,-2.22513467134923,-0.254161470742558,0.00190388604526967
0.806801597277323,2.23960316995008,-2.22513467134923,-0.254161470742558,0.00190388604526967
0.810439616441727,2.23548503259407,-2.22089067207461,-0.255025398037288,0.00190038521782406
0.814077436923981,2.23160896777266,-2.21688346520175,-0.255941959745624,0.00189709017617425
0.815532505512238,2.23160896777266,-2.21688346520175,-0.255941959745624,0.00189709017617425
0.818442523479462,2.2277914169033,-2.21292677050278,-0.256923540416488,0.00189384487721915
0.819897472858429,2.2277914169033,-2.21292677050278,-0.256923540416488,0.00189384487721915
0.822807292143504,2.22383832025409,-2.20884752273321,-0.257777997404503,0.00189048435083348
0.824262162049611,2.22383832025409,-2.20884752273321,-0.257777997404503,0.00189048435083348
0.827171762784322,2.21954117927007,-2.20440976366218,-0.258728893528338,0.00188683135245243
0.828626493612925,2.21954117927007,-2.20440976366218,-0.258728893528338,0.00188683135245243
0.832263201475143,2.2152859699867,-2.20002453133628,-0.259584264427798,0.00188321400019869
0.836626976728439,2.21109638958821,-2.19570386551481,-0.260445347459524,0.00187965243904212
0.840263187885284,2.20673149437511,-2.19120108125437,-0.261345958026285,0.00187594184280936
0.841717600822449,2.20673149437511,-2.19120108125437,-0.261345958026285,0.00187594184280936
0.844626327355703,2.20192982177283,-2.18626877516758,-0.262152212921723,0.00187185994223693
0.846080640951792,2.20192982177283,-2.18626877516758,-0.262152212921723,0.00187185994223693
0.848989168802897,2.19724605623495,-2.18145692655962,-0.262937082217613,0.00186787827442786
0.850443383057912,2.19724605623495,-2.18145692655962,-0.262937082217613,0.00186787827442786
0.853351672490438,2.19227813730195,-2.17635511208945,-0.263745819633603,0.00186365504789493
0.854805747667948,2.19227813730195,-2.17635511208945,-0.263745819633603,0.00186365504789493
0.858440786600113,2.18755511639593,-2.17149556739663,-0.264583423605505,0.00185964000910809
0.862075626850128,2.18270236031547,-2.16651389412938,-0.265343438341831,0.00185551468248476
0.86352950334549,2.18270236031547,-2.16651389412938,-0.265343438341831,0.00185551468248476
0.866437117258708,2.17747018711545,-2.16114481161993,-0.266138157701714,0.00185106681347135
0.867890854676565,2.17747018711545,-2.16114481161993,-0.266138157701714,0.00185106681347135
0.870798230171204,2.17233749187534,-2.155876809613,-0.266918265354935,0.00184670351064459
0.872251868247986,2.17233749187534,-2.155876809613,-0.266918265354935,0.00184670351064459
0.875159025192261,2.16660847635297,-2.15002225517913,-0.26757539505524,0.00184183327610816
0.876612544059753,2.16660847635297,-2.15002225517913,-0.26757539505524,0.00184183327610816
0.880246162414551,2.16125456619783,-2.14452831399634,-0.268364696595874,0.00183728191854234
0.884606152772903,2.1551835949719,-2.13832894782371,-0.269008622417873,0.00183212098755539
0.888239204883575,2.14930449730849,-2.13232574841171,-0.269623301683878,0.0018271231682317
0.889692366123199,2.14930449730849,-2.13232574841171,-0.269623301683878,0.0018271231682317
0.892598569393158,2.14343547109289,-2.12631818203607,-0.270345348548911,0.00182213391064308
0.894051611423493,2.14343547109289,-2.12631818203607,-0.270345348548911,0.00182213391064308
0.896957556406657,2.13686248539218,-2.11961217491265,-0.270971418120966,0.00181654621728772
0.898410459359487,2.13686248539218,-2.11961217491265,-0.270971418120966,0.00181654621728772
0.901316146055857,2.13010292760055,-2.11272384240528,-0.271544559703712,0.00181079991904866
0.902768929799398,2.13010292760055,-2.11272384240528,-0.271544559703712,0.00181079991904866
0.906400680541992,2.12286392134402,-2.10536363035881,-0.272020610444304,0.00180464604180008
0.910758435726166,2.11539357395453,-2.0977730617044,-0.27246679488601,0.00179829550151731
0.914389630158742,2.10773880319482,-2.08999727664598,-0.272899699716801,0.00179178818297772
0.915842036406199,2.10773880319482,-2.08999727664598,-0.272899699716801,0.00179178818297772
0.918746709823608,2.09967897119015,-2.08180582087108,-0.273379418108685,0.00178493652198403
0.920198976993561,2.09967897119015,-2.08180582087108,-0.273379418108685,0.00178493652198403
0.923103372255961,2.09134867738914,-2.07336425363696,-0.273678574531801,0.00177785494149087
0.924555500348409,2.09134867738914,-2.07336425363696,-0.273678574531801,0.00177785494149087
0.9274596174558,2.0822847160418,-2.06418584987608,-0.273946008973782,0.00177014967041624
0.928911606470744,2.0822847160418,-2.06418584987608,-0.273946008973782,0.00177014967041624
0.932541400194168,2.07334611559884,-2.05513371675625,-0.274207077444143,0.0017625509686123
0.936170935630798,2.06319071788022,-2.04486704411157,-0.274362370330764,0.00175391786777548
0.937622666358948,2.06319071788022,-2.04486704411157,-0.274362370330764,0.00175391786777548
0.940525968869527,2.05228657405212,-2.03386766547886,-0.274340119840679,0.00174464825807476
0.941977540651957,2.05228657405212,-2.03386766547886,-0.274340119840679,0.00174464825807476
0.944880565007528,2.04066984832544,-2.0221544141739,-0.274271681187792,0.00173477288269598
0.946332017580668,2.04066984832544,-2.0221544141739,-0.274271681187792,0.00173477288269598
0.94923476378123,2.02811633216443,-2.00951875204611,-0.274025987758759,0.00172410114202394
0.950686057408651,2.02811633216443,-2.00951875204611,-0.274025987758759,0.00172410114202394
0.954314082860947,2.01468967414317,-1.99601407717526,-0.273682821560414,0.0017126871436941
0.958667308092117,2.00042512856315,-1.98168161325909,-0.273200802813138,0.00170056085737861
0.962294658025106,1.98491719639231,-1.96611368419085,-0.272567894975563,0.00168737756846064
0.963745514551798,1.98491719639231,-1.96611368419085,-0.272567894975563,0.00168737756846064
0.966647068659464,1.96764732279872,-1.94880906396769,-0.271623303702606,0.0016726964536187
0.968097766240438,1.96764732279872,-1.94880906396769,-0.271623303702606,0.0016726964536187
0.97099902232488,1.9489053322618,-1.93003877819734,-0.2705222888654,0.00165676389256387
0.972449580828349,1.9489053322618,-1.93003877819734,-0.2705222888654,0.00165676389256387
0.975350538889567,1.92752864734388,-1.90866089899703,-0.269035794962632,0.00163859157853278
0.976800938447316,1.92752864734388,-1.90866089899703,-0.269035794962632,0.00163859157853278
0.980426698923111,1.90279512241828,-1.8839733891599,-0.266971059922532,0.00161756561572472
0.9847771525383,1.87460759104002,-1.85585369926267,-0.264500788879612,0.00159360340297126
0.988402167956034,1.83954887341105,-1.82094410221445,-0.260964814253322,0.00156379999665606
0.989852090676626,1.83954887341105,-1.82094410221445,-0.260964814253322,0.00156379999665606
0.992751757303874,1.80189411205594,-1.78346634119293,-0.257041243565614,0.00153178969427576
0.994201501210531,1.80189411205594,-1.78346634119293,-0.257041243565614,0.00153178969427576
0.997100830078125,1.70823750174261,-1.69056825312054,-0.245059878194664,0.00145217223533692
0.997825622558594,1.70823750174261,-1.69056825312054,-0.245059878194664,0.00145217223533692
